,ID,N_VICTIMAS,FECHA,AAAA,MM,DD,HH,LUGAR_DEL_HECHO,TIPO_DE_CALLE,COMUNA,PARTICIPANTES,VICTIMA,ACUSADO
0,20160001,1,2016-01-01,2016,1,1,4,AV PIEDRA BUENA Y AV FERNANDEZ DE LA CRUZ,AVENIDA,8,MOTO-AUTO,MOTO,AUTO
1,20160002,1,2016-01-02,2016,1,2,1,AV GRAL PAZ  Y AV DE LOS CORRALES,AVENIDA,9,AUTO-PASAJEROS,AUTO,PASAJEROS
2,20160003,1,2016-01-03,2016,1,3,7,AV ENTRE RIOS 2034,AVENIDA,1,MOTO-AUTO,MOTO,AUTO
3,20160004,1,2016-01-10,2016,1,10,0,AV LARRAZABAL Y GRAL VILLEGAS CONRADO,AVENIDA,8,MOTO-SD,MOTO,SD
4,20160005,1,2016-01-21,2016,1,21,5,AV SAN JUAN Y PRESIDENTE LUIS SAENZ PEÑA ,AVENIDA,1,MOTO-PASAJEROS,MOTO,PASAJEROS
5,20160008,1,2016-01-24,2016,1,24,18,AV 27 DE FEBRERO Y AV ESCALADA,AVENIDA,8,MOTO-OBJETO FIJO,MOTO,OBJETO FIJO
6,20160009,1,2016-01-24,2016,1,24,19,NOGOYA Y JOAQUIN V. GONZALES,CALLE,11,MOTO-AUTO,MOTO,AUTO
7,20160010,1,2016-01-29,2016,1,29,15,AV GENERAL PAZ Y AV DE LOS CORRALES,AVENIDA,9,MOTO-AUTO,MOTO,AUTO
8,20160012,1,2016-02-08,2016,2,8,1,AV BELGRANO Y BERNARDO DE IRIGOYEN,AVENIDA,1,MOTO-CARGAS,MOTO,CARGAS
9,20160013,1,2016-02-10,2016,2,10,11,AV ENTRE RIOS 1366,AVENIDA,1,PEATON-AUTO,PEATON,AUTO
10,20160015,1,2016-02-14,2016,2,14,5,AV SCALABRINI ORTIZ Y VERA,AVENIDA,15,PEATON-AUTO,PEATON,AUTO
11,20160016,1,2016-02-14,2016,2,14,22,AV REGIMIENTO DE PATRICIOS Y QUINQUELA MARTIN BENITO,AVENIDA,4,MOTO-AUTO,MOTO,AUTO
12,20160017,1,2016-02-15,2016,2,15,16,MARIANO ACOSTA Y ANA MARIA JANER,AVENIDA,8,PEATON-MOTO,PEATON,MOTO
13,20160019,1,2016-02-17,2016,2,17,9,LISANDRO DE LA TORRE Y SEVERO GARCIA GRANDE DE ZEQUEIRA ,CALLE,9,PEATON-PASAJEROS,PEATON,PASAJEROS
14,20160020,1,2016-02-17,2016,2,17,16,SUIPACHA 156,CALLE,1,PEATON-AUTO,PEATON,AUTO
15,20160021,1,2016-02-17,2016,2,17,23,AV DIRECTORIO Y CURAPALIGUE,AVENIDA,7,AUTO-AUTO,AUTO,AUTO
16,20160022,1,2016-02-21,2016,2,21,6,AV 9 DE JULIO Y ADOLFO ALSINA,AVENIDA,1,MOTO-AUTO,MOTO,AUTO
17,20160025,1,2016-02-28,2016,2,28,4,AV GRAL PAZ Y AV 27 DE FEBRERO,AVENIDA,8,AUTO-AUTO,AUTO,AUTO
18,20160026,1,2016-02-28,2016,2,28,7,HOLMBERG Y VEDIA,CALLE,12,AUTO-OBJETO FIJO,AUTO,OBJETO FIJO
19,20160027,1,2016-02-28,2016,2,28,9,CURAPALIGUE Y AVELINO DIAZ,AVENIDA,7,AUTO-AUTO,AUTO,AUTO
20,20160028,1,2016-03-02,2016,3,2,10,VIAMONTE Y AV 9 DE JULIO,AVENIDA,1,PEATON-CARGAS,PEATON,CARGAS
21,20160029,1,2016-03-04,2016,3,4,17,AV CABILDO Y DEHEZA,AVENIDA,12,PEATON-PASAJEROS,PEATON,PASAJEROS
22,20160031,1,2016-03-08,2016,3,8,12,AV GRAL PAZ Y AV CNEL ROCA,AVENIDA,8,MOTO-PASAJEROS,MOTO,PASAJEROS
23,20160034,1,2016-03-12,2016,3,12,12,AV AMANCIO ALCORTA Y BONAVENA,AVENIDA,4,PEATON-PASAJEROS,PEATON,PASAJEROS
24,20160035,1,2016-03-13,2016,3,13,6,AV CORRIENTES Y AV CALLAO,AVENIDA,3,MOTO-PASAJEROS,MOTO,PASAJEROS
25,20160036,1,2016-03-14,2016,3,14,0,HERRERA Y ARISTOBULO DEL VALLE,CALLE,4,MOTO-PASAJEROS,MOTO,PASAJEROS
26,20160037,1,2016-03-19,2016,3,19,11,AV. EVA PERON Y QUIRNO,AVENIDA,7,MOTO-MOTO,MOTO,MOTO
27,20160038,1,2016-03-21,2016,3,21,8,AV GRAL PAZ COLECTORA Y ZUVIRIA,AVENIDA,8,PEATON-PASAJEROS,PEATON,PASAJEROS
28,20160039,1,2016-03-23,2016,3,23,1,BARTOLOME MITRE Y AV PUEYRREDON,AVENIDA,3,MOTO-PASAJEROS,MOTO,PASAJEROS
29,20160041,2,2016-03-29,2016,3,29,11,AV DIRECTORIO Y RIVERA INDARTE,AVENIDA,7,MOTO-CARGAS,MOTO,CARGAS
30,20160043,1,2016-03-30,2016,3,30,18,DELLEPIANE LUIS TTE GRAL COLECTORA Y MURGUIONDO,AVENIDA,8,PEATON-CARGAS,PEATON,CARGAS
31,20160044,1,2016-03-31,2016,3,31,19,AV JOSE MARIA MORENO Y BALBASTRO,AVENIDA,7,MULTIPLE,MOTO,MULTIPLE
32,20160045,1,2016-04-11,2016,4,11,10,AV GRAL PAZ Y AV DEL LIBERTADOR,AVENIDA,13,MOTO-SD,MOTO,SD
33,20160047,1,2016-04-15,2016,4,15,5,LIMA 1483,CALLE,1,PEATON-PASAJEROS,PEATON,PASAJEROS
34,20160048,1,2016-04-15,2016,4,15,17,AV. CORRIENTES Y AV. DORREGO,AVENIDA,15,PEATON-PASAJEROS,PEATON,PASAJEROS
35,20160049,1,2016-04-17,2016,4,17,0,"AUTOPISTA 1 SUR PRESIDENTE ARTURO FRONDIZI KM. 0,700",AUTOPISTA,4,SD-SD,SD,SD
36,20160050,1,2016-04-19,2016,4,19,9,TIMOTEO GORDILLO Y AV FERNANDEZ DE LA CRUZ,AVENIDA,8,PEATON-PASAJEROS,PEATON,PASAJEROS
37,20160051,1,2016-04-20,2016,4,20,4,AV AMANCIO ALCORTA Y BONAVENA,AVENIDA,4,MOTO-CARGAS,MOTO,CARGAS
38,20160052,1,2016-04-20,2016,4,20,20,AUTOPISTA LUGONES PK 10000,AUTOPISTA,13,MOTO-SD,MOTO,SD
39,20160053,1,2016-04-22,2016,4,22,9,AV TRIUNVIRATO Y AV OLAZABAL,AVENIDA,12,PEATON-PASAJEROS,PEATON,PASAJEROS
40,20160054,1,2016-04-23,2016,4,23,21,AU LUIS DELLEPIANE Y AV GRAL PAZ,AUTOPISTA,8,MOTO-MOTO,MOTO,MOTO
41,20160055,1,2016-04-25,2016,4,25,20,RAMON CASTILLA Y AV FIGUEROA ALCORTA,AVENIDA,14,PEATON-CARGAS,PEATON,CARGAS
42,20160056,1,2016-04-26,2016,4,26,4,AV LUIS MARIA CAMPOS 30,AVENIDA,14,MOTO-OBJETO FIJO,MOTO,OBJETO FIJO
43,20160058,1,2016-05-04,2016,5,4,14,LIMA 1471,CALLE,1,PEATON-MOTO,PEATON,MOTO
44,20160059,1,2016-05-08,2016,5,8,16,PASAJE CIUDADELA Y LIMA OESTE,CALLE,1,PEATON-PASAJEROS,PEATON,PASAJEROS
45,20160064,1,2016-05-14,2016,5,14,18,AV JUAN B JUSTO Y AV CARRASCO,AVENIDA,10,PEATON-PASAJEROS,PEATON,PASAJEROS
46,20160065,1,2016-05-20,2016,5,20,14,AV GAONA Y ESPINOSA,AVENIDA,6,PEATON-AUTO,PEATON,AUTO
47,20160067,1,2016-05-21,2016,5,21,17,AV LISANDRO DE LA TORRE Y SARAZA,AVENIDA,8,MOTO-PASAJEROS,MOTO,PASAJEROS
48,20160068,1,2016-05-22,2016,5,22,22,AV FIGUEROA ALCORTA Y AV PUEYRREDON,AVENIDA,2,MOTO-PASAJEROS,MOTO,PASAJEROS
49,20160069,1,2016-05-23,2016,5,23,3,AV ENTRE RIOS Y PASAJE FILIBERTO,AVENIDA,3,AUTO-CARGAS,AUTO,CARGAS
50,20160073,1,2016-06-11,2016,6,11,15,MAGARIÑOS CERVANTES 3900,CALLE,10,MOTO-CARGAS,MOTO,CARGAS
51,20160074,1,2016-06-12,2016,6,12,6,AV GRAL PAZ Y RODOLFO SCAPINO,AVENIDA,8,AUTO-AUTO,AUTO,AUTO
52,20160075,1,2016-06-12,2016,6,12,23,AUTOPISTA DELLEPIANE LUIS TTE GRAL Y MIRALLA,AUTOPISTA,8,PEATON-AUTO,PEATON,AUTO
53,20160076,1,2016-06-13,2016,6,13,16,AV SAN MARTIN Y CAMARONES,AVENIDA,15,PEATON-PASAJEROS,PEATON,PASAJEROS
54,20160077,1,2016-06-13,2016,6,13,21,TTEG JUAN D PERON Y AVDA LEANDRO N ALEM,AVENIDA,1,PEATON-PASAJEROS,PEATON,PASAJEROS
55,20160078,1,2016-06-13,2016,6,13,23,AV BELGRANO Y AV JUJUY,AVENIDA,3,MOTO-MOTO,MOTO,MOTO
56,20160079,1,2016-06-16,2016,6,16,17,AV DEL LIBERTADOR Y AV GUILLERMO UDAONDO,AVENIDA,13,AUTO-AUTO,AUTO,AUTO
57,20160080,1,2016-06-18,2016,6,18,6,AV GRAL PAZ Y AV RIVADAVIA,AVENIDA,9,AUTO-SD,AUTO,SD
58,20160081,1,2016-06-22,2016,6,22,7,AV CRISOLOGO LARRALDE Y MACHAIN,AVENIDA,12,MOTO-AUTO,MOTO,AUTO
59,20160082,1,2016-06-27,2016,6,27,18,AV LA PLATA 2384,AVENIDA,4,PEATON-AUTO,PEATON,AUTO
60,20160083,1,2016-06-28,2016,6,28,20,AV JUAN B ALBERDI Y PUAN,AVENIDA,6,PEATON-MOTO,PEATON,MOTO
61,20160084,1,2016-06-29,2016,6,29,22,CARLOS PELLEGRINI Y TUCUMAN,CALLE,1,PEATON-PASAJEROS,PEATON,PASAJEROS
62,20160085,1,2016-06-29,2016,6,29,22,AVDA ITE FRANCISCO RABANAL & AVDA EREZCANO,AVENIDA,4,MOTO-MOVIL,MOTO,OTRO
63,20160086,1,2016-06-30,2016,6,30,16,AV OLIVERA Y RAMON FALCON,AVENIDA,10,PEATON-PASAJEROS,PEATON,PASAJEROS
64,20160087,1,2016-07-02,2016,7,3,0,AUTOPISTA 1 SUR PTE ARTURO FRONDIZI Y AV CASEROS,AUTOPISTA,1,MOTO-OBJETO FIJO,MOTO,OBJETO FIJO
65,20160088,1,2016-07-11,2016,7,11,15,CERETTI Y NUÑEZ,CALLE,12,PEATON-AUTO,PEATON,AUTO
66,20160089,1,2016-07-14,2016,7,14,6,AV LUGONES Y LA PAMPA,AUTOPISTA,13,PEATON-AUTO,PEATON,AUTO
67,20160090,1,2016-07-14,2016,7,14,22,JERONIMO SALGUERO Y AV RIVADAVIA,AVENIDA,5,PEATON-PASAJEROS,PEATON,PASAJEROS
68,20160092,1,2016-07-15,2016,7,15,11,AV GRAL PAZ Y AV LIBERTADOR ,AVENIDA,13,MOTO-CARGAS,MOTO,CARGAS
69,20160093,1,2016-07-17,2016,7,17,3,AV JUAN B ALBERDI Y EMILIO MITRE,AVENIDA,6,AUTO-AUTO,AUTO,AUTO
70,20160095,1,2016-07-23,2016,7,23,6,MERCEDES Y AV GRAL MOSCONI,AVENIDA,11,MOTO-AUTO,MOTO,AUTO
71,20160096,1,2016-07-25,2016,7,25,7,"AUTOPISTA DELLEPIANE LUIS TTE. GRAL. KM. 2,3",AUTOPISTA,8,MOTO-CARGAS,MOTO,CARGAS
72,20160097,1,2016-07-26,2016,7,26,18,SOLIS Y MEXICO,CALLE,1,PEATON-AUTO,PEATON,AUTO
73,20160098,1,2016-07-27,2016,7,27,16,AV SAN JUAN Y ALBERTI,AVENIDA,3,MOTO-CARGAS,MOTO,CARGAS
74,20160099,1,2016-07-29,2016,7,29,16,AV GRAL MOSCONI Y AV GRAL PAZ,AVENIDA,11,CARGAS-CARGAS,CARGAS,CARGAS
75,20160100,1,2016-08-03,2016,8,3,23,AV GRAL PAZ  Y DONADO,AVENIDA,12,MOTO-OBJETO FIJO,MOTO,OBJETO FIJO
76,20160101,1,2016-08-07,2016,8,7,19,AV GRAL PAZ Y JORGE CHAVEZ,AVENIDA,9,SD-SD,SD,SD
77,20160102,1,2016-08-10,2016,8,10,23,AV EVA PERON Y JOSE LEON SUAREZ,AVENIDA,9,MOTO-CARGAS,MOTO,CARGAS
78,20160104,1,2016-08-14,2016,8,14,21,ZINNY Y AV SANTIAGO DE COMPOSTELA,AVENIDA,9,MOTO-PASAJEROS,MOTO,PASAJEROS
79,20160105,1,2016-08-17,2016,8,17,0,AV FEDERICO LACROZE Y FRAGA,AVENIDA,15,PEATON-PASAJEROS,PEATON,PASAJEROS
80,20160106,1,2016-08-19,2016,8,19,21,CARLOS PELLEGRINI Y AV DEL LIBERTADOR,AVENIDA,1,PEATON-PASAJEROS,PEATON,PASAJEROS
81,20160107,1,2016-08-20,2016,8,20,8,AUTOPISTA 9 DE JULIO SUR ALT AV MENDOZA,AUTOPISTA,4,MOTO-AUTO,MOTO,AUTO
82,20160109,1,2016-08-24,2016,8,24,5,AUTOPISTA PERITO MORENO Y BARRAGAN,AUTOPISTA,9,AUTO-OBJETO FIJO,AUTO,OBJETO FIJO
83,20160110,1,2016-08-24,2016,8,24,20,AV ALBERDI Y CARHUE,AVENIDA,9,PEATON-SD,PEATON,SD
84,20160111,1,2016-08-25,2016,8,25,9,AUTOPISTA LEOPOLDO LUGONES Y LA PAMPA,AUTOPISTA,15,MOTO-CARGAS,MOTO,CARGAS
85,20160112,1,2016-08-27,2016,8,27,4,AUTOPISTA 25 DE MAYO AUTOPISTA 1 SUR ARTURO FRONDIZI,AUTOPISTA,1,MOTO-OBJETO FIJO,MOTO,OBJETO FIJO
86,20160113,1,2016-08-27,2016,8,27,16,AV JUAN BAUTISTA ALBERDI Y GUARDIA NACIONAL,AVENIDA,9,PEATON-PASAJEROS,PEATON,PASAJEROS
87,20160114,1,2016-08-31,2016,8,31,11,SALGUERO 1410,CALLE,14,BICICLETA-CARGAS,BICICLETA,CARGAS
88,20160115,1,2016-09-02,2016,9,2,11,ARIAS Y TRONADOR,CALLE,12,SD-CARGAS,SD,CARGAS
89,20160116,1,2016-09-02,2016,9,2,20,AV 27 DE FEBRERO Y AV ESCALADA,AVENIDA,8,MOTO-AUTO,MOTO,AUTO
90,20160117,1,2016-09-03,2016,9,3,15,AV DEL LIBERTADOR Y TAGLE,AVENIDA,14,AUTO-AUTO,AUTO,AUTO
91,20160118,1,2016-09-04,2016,9,4,3,AUTOPISTA 1 SUR PTE ARTURO FRONDIZI KM 2.9,AUTOPISTA,1,AUTO-AUTO,AUTO,AUTO
92,20160119,1,2016-09-04,2016,9,4,6,CRISOLOGO LARRALDE Y AVDA TRIUNVIRATO,AVENIDA,12,SD-SD,SD,SD
93,20160122,1,2016-09-13,2016,9,13,7,AV EVA PERON 4233,AVENIDA,9,BICICLETA-PASAJEROS,BICICLETA,PASAJEROS
94,20160123,1,2016-09-14,2016,9,14,9,AV ASAMBLEA Y AV CNEL ESTEBAN BONORINO,AVENIDA,7,MOTO-AUTO,MOTO,AUTO
95,20160124,1,2016-09-16,2016,9,16,15,AVDA RIVADAVIA Y RIVERA INDARTE,AVENIDA,7,PEATON-PASAJEROS,PEATON,PASAJEROS
96,20160125,1,2016-09-17,2016,9,17,12,AUTOPISTA PERITO MORENO Y AV JUAN B ALBERDI,AUTOPISTA,10,MOTO-MOTO,MOTO,MOTO
97,20160126,2,2016-09-18,2016,9,18,22,IRIGOYEN Y TINOGASTA,CALLE,10,AUTO-CARGAS,AUTO,CARGAS
98,20160127,1,2016-09-24,2016,9,24,10,AV MARIANO ACOSTA Y AV CNEL ROCA,AVENIDA,8,PEATON-PASAJEROS,PEATON,PASAJEROS
99,20160128,1,2016-10-02,2016,10,2,11,CASTRO Y AV PAVON,AVENIDA,5,PEATON-PASAJEROS,PEATON,PASAJEROS
100,20160130,1,2016-10-04,2016,10,4,12,AUTOPISTA 9 DE JULIO SUR Y AV BRASIL,AUTOPISTA,1,MOTO-CARGAS,MOTO,CARGAS
101,20160131,1,2016-10-09,2016,10,9,19,MIRAVE 3500,CALLE,4,PEATON-AUTO,PEATON,AUTO
102,20160132,1,2016-10-10,2016,10,10,2,AV SAN JUAN Y 24 DE NOVIEMBRE,AVENIDA,3,AUTO-PASAJEROS,AUTO,PASAJEROS
103,20160133,1,2016-10-14,2016,10,14,0,AV LAS HERAS Y SANCHEZ DE BUSTAMANTE,AVENIDA,14,MOTO-AUTO,MOTO,AUTO
104,20160134,1,2016-10-23,2016,10,23,5,AV PIEDRA BUENA Y 2 DE ABRIL 1982,AVENIDA,8,MOTO-OBJETO FIJO,MOTO,OBJETO FIJO
105,20160135,1,2016-10-24,2016,10,24,5,AV FIGUEROA ALCORTA  Y PINEDO,AVENIDA,14,PEATON-SD,PEATON,SD
106,20160136,1,2016-10-25,2016,10,25,0,AU BUENOS AIRES - LA PLATA KM. 4,AUTOPISTA,4,MOTO-CARGAS,MOTO,CARGAS
107,20160137,1,2016-10-25,2016,10,25,0,AV SAN MARTIN Y LADINES,AVENIDA,11,MOTO-MOTO,MOTO,MOTO
108,20160138,1,2016-10-27,2016,10,27,20,AV CABILDO Y BLANCO ENCALADA,AVENIDA,13,BICICLETA-CARGAS,BICICLETA,CARGAS
109,20160139,1,2016-10-28,2016,10,28,23,AV PRESIDENTE FIGUEROA ALCORTA Y AV DORREGO,AVENIDA,14,MOTO-MOTO,MOTO,MOTO
110,20160140,1,2016-10-31,2016,10,31,2,AV JURAMENTO Y VUELTA DE OBLIGADO,AVENIDA,13,PASAJEROS-PASAJEROS,PASAJEROS,PASAJEROS
111,20160142,1,2016-11-05,2016,11,5,23,AV DEL LIBERTADOR Y AV RAMOS MEJIA,AVENIDA,1,MOTO-PASAJEROS,MOTO,PASAJEROS
112,20160143,1,2016-11-06,2016,11,6,4,AV 27 DE FEBRERO Y AV ESCALADA,AVENIDA,8,MOTO-SD,MOTO,SD
113,20160144,1,2016-11-07,2016,11,7,12,AV. ALTE. BROWN 984,AVENIDA,4,PEATON-PASAJEROS,PEATON,PASAJEROS
114,20160145,1,2016-11-07,2016,11,7,20,AV DEL LIBERTADOR Y LA PAMPA,AVENIDA,13,MOTO-AUTO,MOTO,AUTO
115,20160146,1,2016-11-09,2016,11,9,20,PICHINCHA Y AV BRASIL,AVENIDA,4,PEATON-PASAJEROS,PEATON,PASAJEROS
116,20160147,1,2016-11-16,2016,11,16,21,AV INDEPENDENCIA Y VIRREY CEVALLOS,AVENIDA,1,MOVIL-PASAJEROS,MOVIL,PASAJEROS
117,20160148,1,2016-11-16,2016,11,16,22,AV GARMENDIA 4895,AVENIDA,15,MOTO-MOTO,MOTO,MOTO
118,20160150,1,2016-11-18,2016,11,18,18,AV AMANCIO ALCORTA Y DIOGENES TABORDA,AVENIDA,4,CARGAS-CARGAS,CARGAS,CARGAS
119,20160151,1,2016-11-18,2016,11,18,20,SD,CALLE,0,PEATON-SD,PEATON,SD
120,20160152,1,2016-11-23,2016,11,23,21,AV PERITO MORENO Y ZUVIRIA,AVENIDA,7,MOTO-AUTO,MOTO,AUTO
121,20160153,1,2016-11-25,2016,11,25,15,ARAOZ Y AV CORDOBA,AVENIDA,15,PEATON-MOTO,PEATON,MOTO
122,20160154,1,2016-11-26,2016,11,26,14,AV GRAL PAZ 15200,AVENIDA,8,MOTO-MOTO,MOTO,MOTO
123,20160155,1,2016-11-26,2016,11,26,16,MADERO 900,CALLE,10,PEATON-AUTO,PEATON,AUTO
124,20160156,1,2016-11-26,2016,11,26,19,AV INDEPENDENCIA Y DEAN FUNES,AVENIDA,3,MOTO-PASAJEROS,MOTO,PASAJEROS
125,20160157,1,2016-12-03,2016,12,3,6,AV JUAN B JUSTO 5645,AVENIDA,11,MOTO-MOTO,MOTO,MOTO
126,20160159,1,2016-12-04,2016,12,4,7,AV 27 DE FEBRERO Y AV ESCALADA,AVENIDA,8,AUTO-SD,AUTO,SD
127,20160160,1,2016-12-06,2016,12,6,5,AUTOPISTA PERITO MORENO ALTURA VELZ,AUTOPISTA,9,CARGAS-OBJETO FIJO,CARGAS,OBJETO FIJO
128,20160161,1,2016-12-06,2016,12,6,7,AV SANTA FE Y GODOY CRUZ,AVENIDA,14,PEATON-PASAJEROS,PEATON,PASAJEROS
129,20160162,1,2016-12-07,2016,12,7,5,AV FEDERICO LACROZE Y AV FOREST,AVENIDA,15,PEATON-AUTO,PEATON,AUTO
130,20160163,1,2016-12-10,2016,12,10,7,AV GRAL PAZ Y AV GENERAL MOSCONI,AVENIDA,11,MOTO-AUTO,MOTO,AUTO
131,20160164,1,2016-12-11,2016,12,11,6,AV LA PLATA Y CNEL GREGORIO POMAR,AVENIDA,4,AUTO-AUTO,AUTO,AUTO
132,20160165,1,2016-12-12,2016,12,12,8,AV MARTIN GARCIA 300,AVENIDA,4,BICICLETA-PASAJEROS,BICICLETA,PASAJEROS
133,20160168,1,2016-12-13,2016,12,13,10,AV LA PLATA Y CNEL GREGORIO POMAR,AVENIDA,4,MOTO-AUTO,MOTO,AUTO
134,20160169,1,2016-12-15,2016,12,15,15,NUÑEZ Y AV RICARDO BALBIN,AVENIDA,12,MOTO-PASAJEROS,MOTO,PASAJEROS
135,20160170,1,2016-12-19,2016,12,19,17,AV GRAL PAZ 4500,AVENIDA,12,MOTO-AUTO,MOTO,AUTO
136,20160171,1,2016-12-25,2016,12,25,19,AU BUENOS AIRES - LA PLATA Y AU 25 DE MAYO,AUTOPISTA,1,MOTO-MOTO,MOTO,MOTO
137,20160172,1,2016-12-26,2016,12,26,8,AV GARAY Y CASTRO,AVENIDA,5,MOTO-CARGAS,MOTO,CARGAS
138,20160173,1,2016-12-26,2016,12,26,19,AV DIRECTORIO Y AV SAN PEDRITO,AVENIDA,7,MOTO-CARGAS,MOTO,CARGAS
139,20160174,1,2016-12-27,2016,12,27,0,AUTOPISTA 25 DE MAYO,AUTOPISTA,0,SD-SD,SD,SD
140,20160175,1,2016-12-27,2016,12,27,8,CNEL RAMON L FALCON Y MEMBRILLAR,CALLE,7,PEATON-BICICLETA,PEATON,BICICLETA
141,20160176,1,2016-12-28,2016,12,28,1,AV BELGRANO Y AV PASEO COLON,AVENIDA,1,MOTO-PASAJEROS,MOTO,PASAJEROS
142,20160177,1,2016-12-29,2016,12,29,4,ARENALES 3319,CALLE,14,PEATON-AUTO,PEATON,AUTO
143,20160178,1,2016-12-30,2016,12,30,16,REPUBLICA BOLIVARIANA DE VENEZUELA Y SAAVEDRA,CALLE,3,MULTIPLE,PEATON,MULTIPLE
144,20170001,1,2017-01-02,2017,1,2,1,AV. JUAN B JUSTO Y ACHUPALLAS,AVENIDA,11,MOTO-CARGAS,MOTO,CARGAS
145,20170003,1,2017-01-05,2017,1,5,3,OLAVARRIA Y AV. VELEZ SARSFIELD,AVENIDA,4,CARGAS-CARGAS,CARGAS,CARGAS
146,20170007,1,2017-01-11,2017,1,11,17,LIMA Y MEXICO,CALLE,1,MULTIPLE,PEATON,MULTIPLE
147,20170008,1,2017-01-16,2017,1,16,0,JOSE A CABRERA Y BONPLAND,CALLE,14,MOTO-PASAJEROS,MOTO,PASAJEROS
148,20170009,1,2017-01-16,2017,1,16,13,AU 25 DE MAYO Y AV. BOEDO,AUTOPISTA,5,MOTO-CARGAS,MOTO,CARGAS
149,20170010,1,2017-01-16,2017,1,16,16,AV. DIRECTORIO Y RIGLOS,AVENIDA,6,MOTO-AUTO,MOTO,AUTO
150,20170011,1,2017-01-22,2017,1,22,2,AV. GRAL. PAZ Y AV. R. BALBIN,AVENIDA,12,MOTO-OBJETO FIJO,MOTO,OBJETO FIJO
151,20170012,1,2017-01-24,2017,1,24,14,TRAFUL Y DIOGENES TABORDA,CALLE,4,MOTO-CARGAS,MOTO,CARGAS
152,20170013,1,2017-01-27,2017,1,27,7,IRIARTE 3055,AVENIDA,4,PEATON-CARGAS,PEATON,CARGAS
153,20170014,1,2017-01-28,2017,1,28,8,AV. DONADO Y ARIAS,AVENIDA,12,MULTIPLE,MOTO,MULTIPLE
154,20170015,1,2017-02-02,2017,2,2,15,CORDOBA AV. Y CALLAO,AVENIDA,2,PEATON-AUTO,PEATON,AUTO
155,20170016,1,2017-02-03,2017,2,3,5,"AU 25 DE MAYO, KILOMETRO 8.3, SENTIDO HACIA PROVINCIA DE BUENOS AIRES, C.A.B.A.",AUTOPISTA,1,MOTO-CARGAS,MOTO,CARGAS
156,20170017,1,2017-02-06,2017,2,6,8,AV. JUAN B JUSTO Y PARAGUAY,AVENIDA,14,MOTO-AUTO,MOTO,AUTO
157,20170018,1,2017-02-09,2017,2,9,7,AV. GRAL. PAZ Y AV. DE LOS CORRALES,AVENIDA,9,MOTO-AUTO,MOTO,AUTO
158,20170021,1,2017-02-18,2017,2,18,5,SARMIENTO Y LIBERTAD,CALLE,1,MOTO-PASAJEROS,MOTO,PASAJEROS
159,20170024,1,2017-02-23,2017,2,23,20,AV. RIVADAVIA 7121,AVENIDA,7,PEATON-PASAJEROS,PEATON,PASAJEROS
160,20170025,1,2017-02-24,2017,2,24,17,AV. FERNANDEZ DE LA CRUZ Y RIVERA INDARTE,AVENIDA,7,MOTO-SD,MOTO,SD
161,20170026,2,2017-02-26,2017,2,26,5,AV. PERITO MORENO Y FOURNIER,AVENIDA,4,AUTO-OBJETO FIJO,AUTO,OBJETO FIJO
162,20170027,1,2017-02-26,2017,2,26,21,AV. CASEROS 1429,AVENIDA,1,PEATON-AUTO,PEATON,AUTO
163,20170028,1,2017-02-28,2017,2,28,9,AV. GAONA Y FRAGATA SARMIENTO,AVENIDA,6,PEATON-AUTO,PEATON,AUTO
164,20170029,1,2017-03-07,2017,3,7,2,MOZART Y TANDIL,CALLE,9,SD-AUTO,SD,AUTO
165,20170030,1,2017-03-07,2017,3,7,8,MOZART Y COLECTORA AV. TTE. LUIS J DELLEPIANE,AVENIDA,9,AUTO-PASAJEROS,AUTO,PASAJEROS
166,20170031,1,2017-03-11,2017,3,11,1,24 DE NOVIEMBRE Y PAVON ,CALLE,3,AUTO-OBJETO FIJO,AUTO,OBJETO FIJO
167,20170032,1,2017-03-12,2017,3,12,5,AV. GRAL. PAZ Y PEDRO DE MENDOZA,AVENIDA,8,AUTO-AUTO,AUTO,AUTO
168,20170033,1,2017-03-12,2017,3,12,7,AV. GRAL. PAZ KM. 10,AVENIDA,11,AUTO-AUTO,AUTO,AUTO
169,20170034,1,2017-03-13,2017,3,13,7,GODOY CRUZ 2651,CALLE,14,PEATON-AUTO,PEATON,AUTO
170,20170035,3,2017-03-23,2017,3,23,5,AV. DR. TRISTAN ACHAVAL RODRIGUEZ Y BLVD. AZUCENA VILLAFLOR,AVENIDA,1,AUTO-OBJETO FIJO,AUTO,OBJETO FIJO
171,20170036,2,2017-03-29,2017,3,29,18,CURUPAYTI Y COLECTORA AV. GRAL. PAZ,AVENIDA,12,MOTO-PASAJEROS,MOTO,PASAJEROS
172,20170037,1,2017-03-31,2017,3,31,3,AV. INDEPENDENCIA Y VIRREY CEVALLOS,AVENIDA,1,MOTO-CARGAS,MOTO,CARGAS
173,20170038,1,2017-04-01,2017,4,1,19,AV. CASTAÑARES Y LAUTARO,AVENIDA,7,MOTO-AUTO,MOTO,AUTO
174,20170040,1,2017-04-03,2017,4,3,9,CAMINO CIUDAD UNUVERSITARIA Y AV. TTE. GUIRALDES,AVENIDA,13,MULTIPLE,AUTO,MULTIPLE
175,20170041,1,2017-04-03,2017,4,3,23,BALDOMERO FERNANDEZ MORENO 2186,CALLE,7,MOTO-AUTO,MOTO,AUTO
176,20170042,1,2017-04-10,2017,4,10,9,AV. LEOPOLDO LUGONES PKM 6900,AVENIDA,14,MOTO-CARGAS,MOTO,CARGAS
177,20170045,1,2017-04-14,2017,4,14,6,NOGOYA 5940,CALLE,10,MOTO-OBJETO FIJO,MOTO,OBJETO FIJO
178,20170047,1,2017-04-23,2017,4,23,6,AV. ARGENTINA Y AV. CORVALAN,AVENIDA,8,MOTO-AUTO,MOTO,AUTO
179,20170049,1,2017-04-27,2017,4,27,18,AV. FERNANDEZ DE LA CRUZ Y VARELA,AVENIDA,8,PEATON-PASAJEROS,PEATON,PASAJEROS
180,20170050,2,2017-04-28,2017,4,28,11,AU PERITO MORENO Y RAMAL ENLACE AU1/AU6,AUTOPISTA,9,MOTO-CARGAS,MOTO,CARGAS
181,20170051,1,2017-05-01,2017,5,1,3,AU DELLEPIANE 2400,AUTOPISTA,7,AUTO-AUTO,AUTO,AUTO
182,20170052,1,2017-05-05,2017,5,5,3,AV. GRAL. PAZ Y GOLETA JULIA,AVENIDA,8,PEATON-CARGAS,PEATON,CARGAS
183,20170053,1,2017-05-05,2017,5,5,20,VIEYTES Y VILLARINO,CALLE,4,MOTO-CARGAS,MOTO,CARGAS
184,20170054,1,2017-05-07,2017,5,7,21,AV. DE LOS CONSTITUYENTES Y PEDRO MORAN,AVENIDA,15,MOTO-AUTO,MOTO,AUTO
185,20170055,1,2017-05-09,2017,5,9,8,AV. DE LOS CONSTITUYENTES 4900,AVENIDA,12,AUTO-AUTO,AUTO,AUTO
186,20170058,1,2017-05-09,2017,5,9,23,AV. CORDOBA Y LIBERTAD,AVENIDA,1,PEATON-MOTO,PEATON,MOTO
187,20170059,1,2017-05-11,2017,5,11,9,BRASIL Y LIMA,CALLE,1,PEATON-PASAJEROS,PEATON,PASAJEROS
188,20170060,1,2017-05-13,2017,5,13,7,AV. ESCALADA Y AV. FERNANDEZ DE LA CRUZ,AVENIDA,8,MOTO-OBJETO FIJO,MOTO,OBJETO FIJO
189,20170061,1,2017-05-15,2017,5,15,13,PARAGUAY Y AV. CALLAO ,AVENIDA,2,PEATON-MOTO,PEATON,MOTO
190,20170062,1,2017-05-15,2017,5,15,16,AV. JUAN B JUSTO Y SAN BLAS,AVENIDA,10,MOTO-CARGAS,MOTO,CARGAS
191,20170063,1,2017-05-17,2017,5,17,10,CHILE Y AV. 9 DE JULIO,AVENIDA,1,PEATON-PASAJEROS,PEATON,PASAJEROS
192,20170064,1,2017-05-20,2017,5,20,5,MAIPU Y PERON,CALLE,1,CARGAS-AUTO,CARGAS,AUTO
193,20170065,1,2017-05-22,2017,5,22,16,AV. SUAREZ Y HERRERA,AVENIDA,4,BICICLETA-CARGAS,BICICLETA,CARGAS
194,20170066,1,2017-05-22,2017,5,22,18,AV. SAN MARTIN Y FRAGATA SARMIENTO,AVENIDA,15,PEATON-PASAJEROS,PEATON,PASAJEROS
195,20170067,1,2017-05-23,2017,5,23,2,AV. DIRECTORIO Y AV. JOSE MARIA MORENO,AVENIDA,6,MOTO-CARGAS,MOTO,CARGAS
196,20170068,1,2017-05-27,2017,5,27,19,AV. TTE. FRANCISCO RABANAL 2950,AVENIDA,8,MOTO-OBJETO FIJO,MOTO,OBJETO FIJO
197,20170069,1,2017-05-24,2017,5,24,14,AV. GRAL. PAZ Y ULRICO SCHMIDL,AVENIDA,9,MOTO-SD,MOTO,SD
198,20170070,1,2017-05-30,2017,5,30,13,NUEVA YORK  3696,CALLE,11,PEATON-AUTO,PEATON,AUTO
199,20170072,1,2017-06-03,2017,6,3,23,AV. DE LOS CONSTITUYENTES Y VALLEJOS,AVENIDA,12,AUTO-AUTO,AUTO,AUTO
200,20170073,1,2017-06-04,2017,6,4,9,AV. CORRIENTES Y ECUADOR,AVENIDA,3,MOTO-AUTO,MOTO,AUTO
201,20170074,1,2017-06-04,2017,6,4,12,CASCO 133,CALLE,9,SD-SD,SD,SD
202,20170075,1,2017-06-12,2017,6,12,22,AV. DE MAYO Y AV. 9 DE JULIO,AVENIDA,1,PEATON-MOTO,PEATON,MOTO
203,20170076,1,2017-06-13,2017,6,13,14,AV. RAMON CASTILLO Y CALLE 12,AVENIDA,2,PEATON-CARGAS,PEATON,CARGAS
204,20170077,1,2017-06-17,2017,6,17,23,FRAY JUSTO SANTAMARIA DE ORO 1930,CALLE,14,MOTO-CARGAS,MOTO,CARGAS
205,20170079,1,2017-06-19,2017,6,19,16,MEXICO Y DEAN FUNES,CALLE,3,MOTO-CARGAS,MOTO,CARGAS
206,20170080,1,2017-06-22,2017,6,22,10,AV. JUAN B ALBERDI Y AV. ESCALADA,AVENIDA,9,PEATON-CARGAS,PEATON,CARGAS
207,20170082,1,2017-06-25,2017,6,25,22,AV. ENTRE RIOS Y AV. BRASIL,AVENIDA,4,PEATON-AUTO,PEATON,AUTO
208,20170083,1,2017-07-04,2017,7,4,0,AV. JUAN B ALBERDI Y GUARDIA NACIONAL,AVENIDA,9,MOTO-CARGAS,MOTO,CARGAS
209,20170084,1,2017-07-05,2017,7,5,12,AV. DEL LIBERTADOR Y RODRIGUEZ PEÑA,AVENIDA,2,PEATON-PASAJEROS,PEATON,PASAJEROS
210,20170085,1,2017-07-07,2017,7,7,14,TACUARI Y AV. MARTIN GARCIA,AVENIDA,4,PEATON-PASAJEROS,PEATON,PASAJEROS
211,20170086,1,2017-07-09,2017,7,9,7,AV. RIVADAVIA Y MURGUIONDO,AVENIDA,9,PEATON-MOTO,PEATON,MOTO
212,20170087,1,2017-07-10,2017,7,10,10,24 DE NOVIEMBRE 390,CALLE,3,PEATON-AUTO,PEATON,AUTO
213,20170088,1,2017-07-10,2017,7,10,22,AV. PASEO COLON Y BRASIL,AVENIDA,1,PEATON-PASAJEROS,PEATON,PASAJEROS
214,20170089,1,2017-07-13,2017,7,13,12,MARTINIANO LEGUIZAMON 901,CALLE,9,SD-AUTO,SD,AUTO
215,20170090,1,2017-07-15,2017,7,15,5,AV. CHIVILCOY Y COLECTORA AV. GRAL. PAZ ,AVENIDA,11,PEATON-AUTO,PEATON,AUTO
216,20170091,1,2017-07-15,2017,7,15,13,SUPERI Y AV. GRAL. PAZ,AVENIDA,12,MOTO-SD,MOTO,SD
217,20170092,1,2017-07-24,2017,7,24,22,AU 25 DE MAYO Y AU FRONDIZI (9 DE JULIO SUR),AUTOPISTA,1,PEATON-AUTO,PEATON,AUTO
218,20170093,1,2017-07-25,2017,7,25,16,"AV. LEOPOLDO LUGONES KM 7,5, ALTURA PUENTE SCALABRINI ORTIZ, SENTIDO A CENTRO PORTEÑO",AUTOPISTA,13,PEATON-AUTO,PEATON,AUTO
219,20170094,1,2017-07-27,2017,7,27,8,VICTOR HUGO 2639,CALLE,10,BICICLETA-CARGAS,BICICLETA,CARGAS
220,20170095,1,2017-08-06,2017,8,6,8,AV. CORDOBA Y JERONIMO SALGUERO,AVENIDA,14,MOTO-AUTO,MOTO,AUTO
221,20170096,1,2017-08-07,2017,8,7,19,AV. CABILDO Y NUÑEZ,AVENIDA,13,PEATON-PASAJEROS,PEATON,PASAJEROS
222,20170098,1,2017-08-08,2017,8,8,12,JOSE BONIFACIO 2114,CALLE,7,PEATON-AUTO,PEATON,AUTO
223,20170099,1,2017-08-17,2017,8,17,19,AV. PTE FIGUEROA ALCORTA 5400,AVENIDA,14,BICICLETA-AUTO,BICICLETA,AUTO
224,20170100,1,2017-08-21,2017,8,21,7,VENEZUELA 2135,CALLE,3,MOTO-OBJETO FIJO,MOTO,OBJETO FIJO
225,20170101,1,2017-08-23,2017,8,23,10,AV. FCO. LACROZE Y ZAPATA,AVENIDA,13,MULTIPLE,PEATON,MULTIPLE
226,20170102,1,2017-08-24,2017,8,24,1,IRIARTE Y ZAVALETA,AVENIDA,4,PEATON-CARGAS,PEATON,CARGAS
227,20170104,1,2017-08-25,2017,8,25,9,AV. 9 DE JULIO Y ESTADOS UNIDOS,AVENIDA,1,PEATON-CARGAS,PEATON,CARGAS
228,20170106,1,2017-08-31,2017,8,31,19,FRAY JUSTO SANTAMARIA DE ORO Y GUEMES,CALLE,14,PEATON-PASAJEROS,PEATON,PASAJEROS
229,20170107,1,2017-09-01,2017,9,1,11,AV. DEL LIBERTADOR Y JARAMILLO,AVENIDA,13,MOTO-CARGAS,MOTO,CARGAS
230,20170108,2,2017-09-02,2017,9,2,4,AV. GRAL. PAZ Y MACHAIN,AVENIDA,12,AUTO-OBJETO FIJO,OBJETO FIJO,AUTO
231,20170109,1,2017-09-04,2017,9,4,21,AV. DIRECTORIO Y PORTELA,AVENIDA,7,MOTO-AUTO,MOTO,AUTO
232,20170110,1,2017-09-06,2017,9,6,14,LAVALLE Y AV. LEANDRO N ALEM,AVENIDA,1,PEATON-PASAJEROS,PEATON,PASAJEROS
233,20170111,1,2017-09-07,2017,9,7,18,USPALLATA Y PIROVANO,CALLE,4,PEATON-CARGAS,PEATON,CARGAS
234,20170112,2,2017-09-10,2017,9,10,9,AU 25 DE MAYO Y AV. VARELA,AUTOPISTA,7,AUTO-OBJETO FIJO,AUTO,OBJETO FIJO
235,20170113,1,2017-09-11,2017,9,11,6,AV. SANTA FE Y MAIPU,AVENIDA,1,PEATON-PASAJEROS,PEATON,PASAJEROS
236,20170114,1,2017-09-15,2017,9,15,2,AV. ALVEAR Y AV. DEL LIBERTADOR,AVENIDA,2,AUTO-OBJETO FIJO,AUTO,OBJETO FIJO
237,20170115,1,2017-09-19,2017,9,19,18,AV. PAVON Y TREINTA Y TRES ORIENTALES,AVENIDA,5,MOTO-BICICLETA,MOTO,BICICLETA
238,20170116,1,2017-09-20,2017,9,20,22,COLECTORA AV. GRAL. PAZ 5750,AVENIDA,12,MOTO-OBJETO FIJO,MOTO,OBJETO FIJO
239,20170118,1,2017-09-22,2017,9,22,7,VIEYTES Y CRUZ,AVENIDA,4,MOTO-AUTO,MOTO,AUTO
240,20170120,1,2017-10-02,2017,10,2,15,AU DELLEPIANE Y AV. ESCALADA,AUTOPISTA,9,MOTO-CARGAS,MOTO,CARGAS
241,20170123,1,2017-10-10,2017,10,10,1,ALBARIÑO Y AV. ARGENTINA,AVENIDA,8,PEATON-AUTO,PEATON,AUTO
242,20170124,1,2017-10-12,2017,10,12,14,JUAN RAMIREZ DE VELAZCO 1211,CALLE,15,MOTO-PASAJEROS,MOTO,PASAJEROS
243,20170125,1,2017-10-13,2017,10,13,6,AV. FERNANDEZ DE LA CRUZ Y LARRAYA,AVENIDA,8,MOTO-OBJETO FIJO,MOTO,OBJETO FIJO
244,20170126,2,2017-10-14,2017,10,14,6,AV. RIESTRA Y CAÑADA DE GOMEZ,AVENIDA,8,AUTO-OBJETO FIJO,AUTO,OBJETO FIJO
245,20170127,1,2017-10-16,2017,10,16,7,GALLO Y AV. CORDOBA,AVENIDA,2,MOTO-MOTO,MOTO,MOTO
246,20170128,1,2017-10-17,2017,10,17,12,DR. JUAN F. ARANGUREN 611,CALLE,6,PEATON-PASAJEROS,PEATON,PASAJEROS
247,20170129,1,2017-10-26,2017,10,26,19,AU PERITO MORENO Y AU 25 DE MAYO,AUTOPISTA,9,MOTO-PASAJEROS,MOTO,PASAJEROS
248,20170130,1,2017-10-27,2017,10,27,5,CHORROARIN Y AV. SAN MARTIN,AVENIDA,15,AUTO-CARGAS,AUTO,CARGAS
249,20170132,1,2017-10-30,2017,10,30,14,COSQUIN Y AV. CNEL. ROCA,AVENIDA,8,MOTO-PASAJEROS,MOTO,PASAJEROS
250,20170134,1,2017-11-06,2017,11,6,18,AV. CNEL. ROCA 3555,AVENIDA,8,PEATON-PASAJEROS,PEATON,PASAJEROS
251,20170135,1,2017-11-07,2017,11,7,12,AV. WARNES Y PUNTA ARENAS,AVENIDA,15,MOTO-CARGAS,MOTO,CARGAS
252,20170136,1,2017-11-16,2017,11,16,8,DEL BARCO CENTENERA Y RABANAL,AVENIDA,4,PEATON-PASAJEROS,PEATON,PASAJEROS
253,20170137,1,2017-11-17,2017,11,17,11,AV. GRAL. ENRIQUE MOSCONI Y SAN NICOLAS,AVENIDA,11,PEATON-CARGAS,PEATON,CARGAS
254,20170138,1,2017-11-19,2017,11,19,10,AV. LAFUENTE Y AV. EVA PERON,AVENIDA,7,MOTO-OBJETO FIJO,MOTO,OBJETO FIJO
255,20170139,1,2017-11-19,2017,11,19,22,AV. CNEL. ROCA Y AV. ESCALADA,AVENIDA,8,AUTO-OBJETO FIJO,AUTO,OBJETO FIJO
256,20170140,1,2017-11-19,2017,11,19,23,AU ARTURO FRONDIZI PKM 3100,AUTOPISTA,4,MOTO-PASAJEROS,MOTO,PASAJEROS
257,20170141,1,2017-11-23,2017,11,23,19,AV. LA PLATA Y AV. PEDRO GOYENA,AVENIDA,6,PEATON-PASAJEROS,PEATON,PASAJEROS
258,20170143,1,2017-11-25,2017,11,25,21,TRELLES Y GRAL. CESAR DIAZ,CALLE,11,AUTO-PASAJEROS,AUTO,PASAJEROS
259,20170144,1,2017-11-26,2017,11,26,6,AV. CNEL. ROCA Y COLECTORA AV. GRAL. PAZ,AVENIDA,8,AUTO-OBJETO FIJO,AUTO,OBJETO FIJO
260,20170145,1,2017-11-26,2017,11,26,17,MAZA Y DON BOSCO,CALLE,5,MOTO-AUTO,MOTO,AUTO
261,20170147,1,2017-11-28,2017,11,28,11,AV. GRAL. PAZ Y AV. EVA PERON,AVENIDA,9,MOTO-AUTO,MOTO,AUTO
262,20170148,1,2017-11-29,2017,11,29,10,AV. SAN JUAN Y LA RIOJA,AVENIDA,3,PEATON-PASAJEROS,PEATON,PASAJEROS
263,20170149,1,2017-11-30,2017,11,30,12,AV. PASEO COLON Y MEXICO,AVENIDA,1,PEATON-PASAJEROS,PEATON,PASAJEROS
264,20170150,1,2017-12-04,2017,12,4,1,AV. RIVADAVIA Y MIRALLA,AVENIDA,9,PEATON-AUTO,PEATON,AUTO
265,20170151,1,2017-12-04,2017,12,4,2,VIEYTES Y LUJAN,CALLE,4,PEATON-PASAJEROS,PEATON,PASAJEROS
266,20170152,1,2017-12-06,2017,12,6,17,CACHI Y TRAFUL,CALLE,4,BICICLETA-PASAJEROS,BICICLETA,PASAJEROS
267,20170153,2,2017-12-11,2017,12,11,2,ROSARIO Y AV. LA PLATA,AVENIDA,6,MOTO-PASAJEROS,MOTO,PASAJEROS
268,20170154,1,2017-12-11,2017,12,11,9,AV. ENTRE RIOS Y AV. CASEROS ,AVENIDA,4,PEATON-PASAJEROS,PEATON,PASAJEROS
269,20170155,1,2017-12-12,2017,12,12,21,AV. RIVADAVIA 6350,AVENIDA,7,SD-MOTO,SD,MOTO
270,20170157,1,2017-12-17,2017,12,17,9,AV. GRAL. PAZ Y HUMAITA,AVENIDA,9,AUTO-PASAJEROS,AUTO,PASAJEROS
271,20170158,1,2017-12-18,2017,12,18,21,GUALEGUAYCHU Y COLECTORA AV. GRAL PAZ,AVENIDA,11,MOTO-AUTO,MOTO,AUTO
272,20170159,1,2017-12-20,2017,12,20,4,AV. INDEPENDENCIA Y VIRREY CEVALLOS,AVENIDA,1,MOTO-AUTO,MOTO,AUTO
273,20170160,1,2017-12-22,2017,12,22,13,AV. NAZCA 365,AVENIDA,7,PEATON-MOTO,PEATON,MOTO
274,20170161,1,2017-12-26,2017,12,26,15,AV. EVA PERON 5249,AVENIDA,9,PEATON-AUTO,PEATON,AUTO
275,20180001,1,2018-01-01,2018,1,1,22,San Juan Av. Y Rincón,AVENIDA,3,PEATON-MOTO,PEATON,MOTO
276,20180002,1,2018-01-03,2018,1,3,16,Peru 937,CALLE,1,BICICLETA-PASAJEROS,BICICLETA,PASAJEROS
277,20180003,1,2018-01-05,2018,1,5,10,"Pueyrredon, Honorio, Dr. Av. y Galicia",AVENIDA,15,MULTIPLE,PEATON,MULTIPLE
278,20180004,1,2018-01-09,2018,1,9,9,Del Libertador Av. y Manzanares,AVENIDA,13,MULTIPLE,MOTO,MULTIPLE
279,20180005,1,2018-01-09,2018,1,9,22,Paseo Colon Av. 1019,AVENIDA,1,PEATON-PASAJEROS,PEATON,PASAJEROS
280,20180006,1,2018-01-10,2018,1,10,21,Valle y Barco Centenera Del,CALLE,6,BICICLETA-PASAJEROS,BICICLETA,PASAJEROS
281,20180007,1,2018-01-11,2018,1,11,2,AU Perito Moreno  KM 0.6,AUTOPISTA,9,AUTO-AUTO,AUTO,AUTO
282,20180008,1,2018-01-12,2018,1,12,17,"Huergo, Ing. Av. e Independencia Av.",AVENIDA,1,MOTO-CARGAS,MOTO,CARGAS
283,20180009,1,2018-01-14,2018,1,14,2,"Pilcomayo y Brown, Alte. Av.",AVENIDA,4,MOTO-MOTO,MOTO,MOTO
284,20180010,1,2018-01-18,2018,1,18,5,"Cervantes y Belaustegui, Luis, Dr.",CALLE,10,MOTO-CARGAS,MOTO,CARGAS
285,20180011,1,2018-01-19,2018,1,19,10,Callao y Vte. Lopez,AVENIDA,2,PEATON-PASAJEROS,PEATON,PASAJEROS
286,20180012,1,2018-01-26,2018,1,26,13,"Oliden y Chilavert, Martiniano, Coronel",CALLE,8,MOTO-PASAJEROS,MOTO,PASAJEROS
287,20180013,1,2018-01-28,2018,1,28,8,Congreso Av. y Galvan,AVENIDA,12,MOTO-AUTO,MOTO,AUTO
288,20180014,1,2018-01-31,2018,1,31,20,"Moreno, Perito Av. y Rivera Indarte",AVENIDA,7,PEATON-MOTO,PEATON,MOTO
289,20180015,2,2018-02-06,2018,2,6,1,Australia Av. 2800,AVENIDA,4,MOTO-PASAJEROS,MOTO,PASAJEROS
290,20180016,1,2018-02-15,2018,2,15,10,"Del Libertador Av. y Ramos Mejia, Jose Maria, Dr. Av.",AVENIDA,1,MOTO-CARGAS,MOTO,CARGAS
291,20180017,1,2018-02-17,2018,2,17,4,San Pedrito Av. y Rivadavia Av.,AVENIDA,7,PEATON-AUTO,PEATON,AUTO
292,20180018,1,2018-02-17,2018,2,17,7,"Isabel La Catolica y Salvadores, Cnel.",CALLE,4,MOTO-CARGAS,MOTO,CARGAS
293,20180019,1,2018-02-17,2018,2,17,12,Las Heras General Av. y Callao Av.,AVENIDA,2,PEATON-PASAJEROS,PEATON,PASAJEROS
294,20180020,1,2018-02-19,2018,2,19,22,Fernandez de la Cruz Subida AU Héctor J. Cámpora,AUTOPISTA,8,MOTO-CARGAS,MOTO,CARGAS
295,20180021,1,2018-02-22,2018,2,22,10,AMANCIO ALCORTA Y ZAVALETA,AVENIDA,4,PEATON-PASAJEROS,PEATON,PASAJEROS
296,20180022,1,2018-02-24,2018,2,24,0,"Montes De Oca, Manuel y Olavarria",AVENIDA,4,MOTO-CARGAS,MOTO,CARGAS
297,20180023,1,2018-02-24,2018,2,24,6,Barco Centenera Del y Rosario,CALLE,6,MOTO-AUTO,MOTO,AUTO
298,20180024,1,2018-02-28,2018,2,28,23,Alvarez Thomas Av. y Donado,AVENIDA,15,PEATON-CARGAS,PEATON,CARGAS
299,20180025,1,2018-03-04,2018,3,4,22,Av. Avellaneda y Av. Boyacá,AVENIDA,7,PEATON-AUTO,PEATON,AUTO
300,20180026,2,2018-03-09,2018,3,9,4,"Rabanal, Francisco, Intendente Av. y Saenz Av.",AVENIDA,4,MOVIL-CARGAS,MOVIL,CARGAS
301,20180027,1,2018-03-11,2018,3,11,23,Castro y Rondeau,CALLE,5,PEATON-MOTO,PEATON,MOTO
302,20180028,1,2018-03-13,2018,3,13,15,"Bilbao, Francisco Av. y Azul",AVENIDA,9,PEATON-CARGAS,PEATON,CARGAS
303,20180029,1,2018-03-15,2018,3,15,18,Nazca Av. y Gaona Av.,AVENIDA,11,MOTO-AUTO,MOTO,AUTO
304,20180030,1,2018-03-20,2018,3,20,1,Plaza y Alvarez Thomas Av.,AVENIDA,15,MOTO-MOTO,MOTO,MOTO
305,20180031,1,2018-03-28,2018,3,28,10,"Gaona Av. y Artigas, Jose Gervasio, Gral.",AVENIDA,11,MOTO-CARGAS,MOTO,CARGAS
306,20180032,1,2018-04-02,2018,4,2,13,Cabildo Av. y Aguilar,AVENIDA,13,PEATON-PASAJEROS,PEATON,PASAJEROS
307,20180033,1,2018-04-07,2018,4,7,7,Camarones y Lope De Vega Av.,AVENIDA,10,MOTO-CARGAS,MOTO,CARGAS
308,20180034,1,2018-04-11,2018,4,11,18,Santa Fe Av. 2320,AVENIDA,2,PEATON-PASAJEROS,PEATON,PASAJEROS
309,20180035,1,2018-04-12,2018,4,12,16,Av. Rivadavia 6950,AVENIDA,7,PEATON-PASAJEROS,PEATON,PASAJEROS
310,20180036,1,2018-04-13,2018,4,13,23,Av. San Martín y Argerich,AVENIDA,15,MOTO-AUTO,MOTO,AUTO
311,20180037,1,2018-04-18,2018,4,18,18,"Cordoba Av. y Uriburu Jose E., Pres.",AVENIDA,2,PEATON-CARGAS,PEATON,CARGAS
312,20180038,2,2018-04-20,2018,4,20,17,AV. RIVADAVIA 1571,AVENIDA,1,PEATON-AUTO,PEATON,AUTO
313,20180039,1,2018-04-21,2018,4,21,22,AUTOPISTA LUGONES KM 4.7,AUTOPISTA,14,PEATON-AUTO,PEATON,AUTO
314,20180040,1,2018-04-27,2018,4,27,11,Ramon Freire y Virrey Olaguer y Feliu,CALLE,13,PEATON-CARGAS,PEATON,CARGAS
315,20180041,1,2018-04-27,2018,4,27,13,"La Plata Av. y Fernandez De La Cruz, F., Gral. Av.",AVENIDA,4,PEATON-PASAJEROS,PEATON,PASAJEROS
316,20180042,1,2018-04-27,2018,4,27,18,BRANDSEN y PERDRIEL,CALLE,4,MOTO-CARGAS,MOTO,CARGAS
317,20180043,1,2018-04-28,2018,4,28,6,"Vilardebo, Teodoro y Alvarez Jonte Av.",AVENIDA,11,MOTO-AUTO,MOTO,AUTO
318,20180044,1,2018-04-28,2018,4,28,9,Alberti e Independencia Av.,AVENIDA,3,PEATON-AUTO,PEATON,AUTO
319,20180045,1,2018-04-30,2018,4,30,7,Alvarez Thomas Av. 879,AVENIDA,13,AUTO-CARGAS,AUTO,CARGAS
320,20180046,1,2018-05-02,2018,5,2,3,Av. Gral. Paz y Av. Rivadavia,AVENIDA,9,PEATON-AUTO,PEATON,AUTO
321,20180047,1,2018-05-08,2018,5,8,19,Av. Corrientes y Av. Dorrego,AVENIDA,15,PEATON-PASAJEROS,PEATON,PASAJEROS
322,20180048,1,2018-05-09,2018,5,9,10,Rivadavia Av. y Pedernera,AVENIDA,7,PEATON-PASAJEROS,PEATON,PASAJEROS
323,20180049,1,2018-05-11,2018,5,11,19,Quesada 2300,CALLE,13,PEATON-AUTO,PEATON,AUTO
324,20180050,1,2018-05-14,2018,5,14,18,Cabildo Av. y Juramento Av.,AVENIDA,13,PEATON-PASAJEROS,PEATON,PASAJEROS
325,20180051,1,2018-05-15,2018,5,15,21,"California y Carbonari, Francisco, Cmte.",CALLE,4,PEATON-AUTO,PEATON,AUTO
326,20180052,1,2018-05-18,2018,5,18,20,"Carril, Salvador Maria Del Av. y Nazca",AVENIDA,15,PEATON-PASAJEROS,PEATON,PASAJEROS
327,20180053,1,2018-05-20,2018,5,20,2,San Luis y Aguero,CALLE,3,MOTO-AUTO,MOTO,AUTO
328,20180054,1,2018-05-22,2018,5,22,11,Lugones 2430,CALLE,12,PEATON-BICICLETA,PEATON,BICICLETA
329,20180055,1,2018-05-29,2018,5,29,7,Independencia Av. y Jujuy Av.,AVENIDA,3,MOTO-AUTO,MOTO,AUTO
330,20180056,1,2018-06-02,2018,6,2,13,Av. Rivadavia 11050,AVENIDA,9,PEATON-PASAJEROS,PEATON,PASAJEROS
331,20180057,1,2018-06-03,2018,6,3,3,Combate De Los Pozos y Humberto 1°,CALLE,3,MOTO-PASAJEROS,MOTO,PASAJEROS
332,20180058,1,2018-06-03,2018,6,3,6,Cordoba Av. y Thames,AVENIDA,15,MOTO-AUTO,MOTO,AUTO
333,20180059,1,2018-06-08,2018,6,8,6,"Garay, Juan De Av. y Sanchez De Loria",AVENIDA,5,MOTO-MOVIL,MOTO,OTRO
334,20180060,1,2018-06-08,2018,6,8,12,"Lavalle y Alem, Leandro N. Av.",AVENIDA,1,PEATON-PASAJEROS,PEATON,PASAJEROS
335,20180061,1,2018-06-10,2018,6,10,11,Estados Unidos y Pichincha,CALLE,3,MOTO-MOTO,MOTO,MOTO
336,20180062,1,2018-06-14,2018,6,14,1,Rosario y Barco Centenera Del,CALLE,6,PEATON-CARGAS,PEATON,CARGAS
337,20180063,1,2018-06-16,2018,6,16,21,Av. Leandro N. Alem y Viamonte,AVENIDA,1,PEATON-PASAJEROS,PEATON,PASAJEROS
338,20180064,1,2018-06-25,2018,6,25,1,Varela Av. y Primera Junta,AVENIDA,7,AUTO-CARGAS,AUTO,CARGAS
339,20180065,1,2018-06-26,2018,6,26,17,"Pellegrini, Carlos y Juncal",CALLE,1,MOTO-CARGAS,MOTO,CARGAS
340,20180066,1,2018-06-28,2018,6,28,11,Av. Corrientes y Av. Federico Lacroze,AVENIDA,15,PEATON-PASAJEROS,PEATON,PASAJEROS
341,20180067,1,2018-06-29,2018,6,29,16,"Montes De Oca, Manuel y Finochietto Enrique Dr.",AVENIDA,4,PASAJEROS-AUTO,PASAJEROS,AUTO
342,20180068,1,2018-07-01,2018,7,1,9,"Carabobo Av. y Alberdi, Juan Bautista Av.",AVENIDA,7,MOTO-AUTO,MOTO,AUTO
343,20180069,1,2018-07-04,2018,7,4,21,"Córdoba Av. 2215

",AVENIDA,2,BICICLETA-PASAJEROS,BICICLETA,PASAJEROS
344,20180070,1,2018-07-07,2018,7,7,15,"Estados Unidos y Urquiza, Gral.",CALLE,3,MOTO-PASAJEROS,MOTO,PASAJEROS
345,20180071,1,2018-07-10,2018,7,10,17,Moreno y Av. Huergo,AVENIDA,1,MOTO-CARGAS,MOTO,CARGAS
346,20180072,1,2018-07-11,2018,7,11,13,"AU Dellepiane kilometro 0.0, altura calle Montiel, sentido hacia el Centro Porteño",AUTOPISTA,8,MOTO-CARGAS,MOTO,CARGAS
347,20180073,1,2018-07-11,2018,7,11,15,"Iriarte, Gral. Av. 3400",AVENIDA,4,PEATON-CARGAS,PEATON,CARGAS
348,20180074,1,2018-07-14,2018,7,14,6,AV. JUAN B. ALBERDI 2968,AVENIDA,7,AUTO-CARGAS,AUTO,CARGAS
349,20180075,1,2018-07-15,2018,7,15,7,Del Libertador Av. y Ortiz De Ocampo,AVENIDA,14,PEATON-AUTO,PEATON,AUTO
350,20180076,1,2018-07-16,2018,7,16,9,"Chavez, Jorge y Paz, Gral. Av.",CALLE,9,AUTO-CARGAS,AUTO,CARGAS
351,20180077,1,2018-07-16,2018,7,16,23,"Urquiza, Gral. y Estados Unidos",CALLE,3,AUTO-CARGAS,AUTO,CARGAS
352,20180078,1,2018-07-21,2018,7,21,6,Paraguay y Sánchez De Bustamante,CALLE,2,PEATON-AUTO,PEATON,AUTO
353,20180079,1,2018-07-23,2018,7,23,7,"De Los Corrales Av. y Paz, Gral. Av.",AVENIDA,9,PEATON-CARGAS,PEATON,CARGAS
354,20180080,1,2018-07-25,2018,7,25,22,"Alberdi, Juan Bautista Av. y Carhue",AVENIDA,9,PEATON-AUTO,PEATON,AUTO
355,20180081,1,2018-07-29,2018,7,29,6,Castañares Av. y Rivera Indarte Av.,AVENIDA,7,MULTIPLE,PEATON,MULTIPLE
356,20180082,1,2018-08-01,2018,8,1,15,"Larrazabal y Garzon, Eugenio, Gral. Av.",AVENIDA,9,MOTO-CARGAS,MOTO,CARGAS
357,20180083,1,2018-08-02,2018,8,2,5,"Paz, Gral. Av. y Fernandez De La Cruz, F., Gral. Av.",AVENIDA,8,MOTO-CARGAS,MOTO,CARGAS
358,20180084,1,2018-08-03,2018,8,3,7,Av. Alicia Moreau de Justo y Cochabamba,AVENIDA,1,PEATON-CARGAS,PEATON,CARGAS
359,20180085,2,2018-08-03,2018,8,3,18,"Entre Rios Av. y Garay, Juan De Av.",AVENIDA,3,MOTO-PASAJEROS,MOTO,PASAJEROS
360,20180086,1,2018-08-10,2018,8,10,21,Directorio Av. y Guardia Nacional,AVENIDA,9,PEATON-PASAJEROS,PEATON,PASAJEROS
361,20180087,1,2018-08-15,2018,8,15,19,Pavon Av. Y Colombres,AVENIDA,5,PEATON-PASAJEROS,PEATON,PASAJEROS
362,20180088,1,2018-08-17,2018,8,17,16,Av. Gral. Paz y Av. Dr. Ricardo Balbín,AVENIDA,12,MOTO-CARGAS,MOTO,CARGAS
363,20180089,1,2018-08-17,2018,8,17,17,Pichincha Av. y Brasil,AVENIDA,4,PEATON-PASAJEROS,PEATON,PASAJEROS
364,20180090,1,2018-08-18,2018,8,18,10,27 De Febrero Av. y Pergamino,AVENIDA,8,MOTO-AUTO,MOTO,AUTO
365,20180091,1,2018-08-19,2018,8,19,18,AU Perito Moreno KM 1.8 ALTURA BARRAGAN SENTIDO PBA,AUTOPISTA,9,AUTO-AUTO,AUTO,AUTO
366,20180092,1,2018-08-20,2018,8,20,8,Cordoba Av. y Gascon,AVENIDA,14,MOTO-AUTO,MOTO,AUTO
367,20180093,1,2018-08-20,2018,8,20,8,15 De Noviembre De 1889 1513,CALLE,1,PEATON-PASAJEROS,PEATON,PASAJEROS
368,20180094,1,2018-08-23,2018,8,23,5,"Salguero, Jeronimo y Beruti",CALLE,14,MOTO-PASAJEROS,MOTO,PASAJEROS
369,20180095,1,2018-08-26,2018,8,26,0,"Lacarra Av. y Dellepiane, Luis, Tte. Gral.",AVENIDA,9,AUTO-AUTO,AUTO,AUTO
370,20180096,1,2018-08-31,2018,8,31,22,"AU Héctor J. Cámpora y Roca, Cnel. Av.",AUTOPISTA,8,PEATON-AUTO,PEATON,AUTO
371,20180097,1,2018-09-02,2018,9,2,10,Av. Varela y Av. Int. Francisco Rabanal,AVENIDA,8,AUTO-MOVIL,AUTO,OTRO
372,20180098,2,2018-09-09,2018,9,9,5,Av. Gral. Paz e/ Ferre y Beron de Astrada,AVENIDA,8,AUTO-AUTO,AUTO,AUTO
373,20180099,1,2018-09-12,2018,9,12,14,Rivadavia Av. y Pedernera,AVENIDA,7,PEATON-PASAJEROS,PEATON,PASAJEROS
374,20180100,1,2018-09-20,2018,9,20,10,Elvira Rawson de Dellepiane 150,AVENIDA,1,MOTO-AUTO,MOTO,AUTO
375,20180101,1,2018-09-21,2018,9,21,0,"Paz, Gral. Av. y Zapiola",AVENIDA,12,MULTIPLE,AUTO,MULTIPLE
376,20180102,1,2018-09-21,2018,9,21,0,FAMATINA Y DIOGENES TABORDA,CALLE,4,MOTO-AUTO,MOTO,AUTO
377,20180103,1,2018-09-27,2018,9,27,17,Av. Castañares y Bonorino,AVENIDA,7,PEATON-MOTO,PEATON,MOTO
378,20180104,1,2018-10-01,2018,10,1,8,AU Frondizi 9 de Julio Sur y Av. Suarez,AUTOPISTA,4,MOTO-MOTO,MOTO,MOTO
379,20180105,1,2018-10-03,2018,10,3,18,Nazca Av. y Rivadavia Av.,AVENIDA,7,PEATON-PASAJEROS,PEATON,PASAJEROS
380,20180106,1,2018-10-04,2018,10,4,22,"Figueroa Alcorta, Pres. Av. y Echeverria",AVENIDA,13,MOTO-MOTO,MOTO,MOTO
381,20180107,1,2018-10-06,2018,10,6,14,Rivadavia Av. y Jujuy Av.,AVENIDA,3,PEATON-PASAJEROS,PEATON,PASAJEROS
382,20180108,1,2018-10-09,2018,10,9,14,"De Los Italianos Av. y Guemes, Macacha",AVENIDA,1,MOTO-AUTO,MOTO,AUTO
383,20180109,1,2018-10-10,2018,10,10,22,"Tucuman y Alem, Leandro N. Av.",AVENIDA,1,PEATON-PASAJEROS,PEATON,PASAJEROS
384,20180110,1,2018-10-13,2018,10,13,3,"Corrientes Av. y Gallardo, Angel Av.",AVENIDA,15,PEATON-MOTO,PEATON,MOTO
385,20180111,1,2018-10-19,2018,10,19,12,AU Perito Moreno y Av. Eva Perón SENTIDO CENTRO,AUTOPISTA,9,MOTO-CARGAS,MOTO,CARGAS
386,20180112,1,2018-10-24,2018,10,24,9,Muñecas y Serrano,CALLE,15,MOTO-CARGAS,MOTO,CARGAS
387,20180113,1,2018-10-25,2018,10,25,11,"Artigas, Jose Gervasio, Gral. y Tres Arroyos",CALLE,11,MOTO-CARGAS,MOTO,CARGAS
388,20180114,1,2018-10-30,2018,10,30,2,Solis e Independencia Av.,AVENIDA,1,MOTO-AUTO,MOTO,AUTO
389,20180115,1,2018-10-31,2018,10,31,12,"Bosch, Ventura y Paz, Gral. Av.",CALLE,9,PEATON-PASAJEROS,PEATON,PASAJEROS
390,20180116,1,2018-11-01,2018,11,1,10,"Paz, Gral. Av. 14800",AVENIDA,8,PEATON-CARGAS,PEATON,CARGAS
391,20180117,1,2018-11-04,2018,11,4,8,Av. Eva Perón 5321,AVENIDA,9,MOTO-MOTO,MOTO,MOTO
392,20180118,1,2018-11-05,2018,11,5,14,"Peron, Juan Domingo, Tte. General y Pueyrredon Av.",AVENIDA,3,PEATON-MOTO,PEATON,MOTO
393,20180119,1,2018-11-05,2018,11,5,22,Rabanal y San Pedrito,AVENIDA,8,PEATON-SD,PEATON,SD
394,20180120,1,2018-11-09,2018,11,9,13,Monroe y Alvarez Thomas Av.,AVENIDA,12,PEATON-AUTO,PEATON,AUTO
395,20180121,1,2018-11-09,2018,11,9,16,Rivadavia Av. y Manzoni,AVENIDA,10,PEATON-PASAJEROS,PEATON,PASAJEROS
396,20180122,1,2018-11-12,2018,11,12,1,AU Dellepiane Luis Tte. Gral. y Larrazabal,AUTOPISTA,8,AUTO-AUTO,AUTO,AUTO
397,20180123,1,2018-11-12,2018,11,12,3,"Paz, Gral. Av. y Peron, Eva Av.",AVENIDA,9,AUTO-SD,AUTO,SD
398,20180124,1,2018-11-15,2018,11,15,19,AU Perito Moreno y Reservistas Argentinos,AUTOPISTA,9,CARGAS-CARGAS,CARGAS,CARGAS
399,20180125,1,2018-11-16,2018,11,16,21,Saenz Av. y Ventana,AVENIDA,4,PEATON-PASAJEROS,PEATON,PASAJEROS
400,20180126,1,2018-11-18,2018,11,18,12,Avda. General Paz y Cnel. Ramón Falcón,AVENIDA,9,MOTO-AUTO,MOTO,AUTO
401,20180127,1,2018-11-19,2018,11,19,9,Av. Gral. Paz y Av. de los Constituyentes,AVENIDA,12,MOTO-MOTO,MOTO,MOTO
402,20180128,2,2018-11-25,2018,11,25,4,"Paz, Gral. Av. 11200",AVENIDA,9,AUTO-PASAJEROS,AUTO,PASAJEROS
403,20180129,1,2018-11-28,2018,11,28,4,"Newbery, Jorge Av. y Guevara",AVENIDA,15,MOTO-PASAJEROS,MOTO,PASAJEROS
404,20180130,1,2018-12-03,2018,12,3,3,Gaona Av. y Segurola Av.,AVENIDA,10,MOTO-PASAJEROS,MOTO,PASAJEROS
405,20180131,1,2018-12-07,2018,12,7,19,"Madero, Eduardo Av. 550",AVENIDA,1,MOTO-CARGAS,MOTO,CARGAS
406,20180132,1,2018-12-12,2018,12,12,8,"AU Arturo Illia y Castillo, Ramon S.",AUTOPISTA,2,PEATON-CARGAS,PEATON,CARGAS
407,20180133,1,2018-12-12,2018,12,12,14,Nazca Av. y Rivadavia Av.,AVENIDA,7,PEATON-CARGAS,PEATON,CARGAS
408,20180134,1,2018-12-12,2018,12,12,21,La Plata Av. y Caseros Av.,AVENIDA,7,PEATON-MOTO,PEATON,MOTO
409,20180135,1,2018-12-18,2018,12,18,14,Belgrano Av. y Peru,AVENIDA,1,PEATON-PASAJEROS,PEATON,PASAJEROS
410,20180136,1,2018-12-18,2018,12,18,15,Rivadavia Av. 7013,AVENIDA,7,PEATON-PASAJEROS,PEATON,PASAJEROS
411,20180137,1,2018-12-18,2018,12,18,20,Adolfo Alsina y Santiago del Estero,CALLE,1,MOTO-PASAJEROS,MOTO,PASAJEROS
412,20180138,1,2018-12-21,2018,12,21,9,Bermudez 1893,CALLE,10,PASAJEROS-PASAJEROS,PASAJEROS,PASAJEROS
413,20180139,1,2018-12-22,2018,12,22,6,Santander 1974,CALLE,7,MOTO-MOTO,MOTO,MOTO
414,20180140,1,2018-12-22,2018,12,22,8,Julieta Lanteri 1400,CALLE,1,AUTO-AUTO,AUTO,AUTO
415,20180141,1,2018-12-22,2018,12,22,17,Maza y Av. Independencia,AVENIDA,5,PEATON-MOTO,PEATON,MOTO
416,20180142,1,2018-12-25,2018,12,25,13,"PAZ, GRAL. AV. 5172",AVENIDA,12,CARGAS-PASAJEROS,CARGAS,PASAJEROS
417,20180143,1,2018-12-29,2018,12,29,5,"Olivera Av. y Alberdi, Juan Bautista Av.",AVENIDA,10,MOTO-AUTO,MOTO,AUTO
418,20190001,1,2019-01-08,2019,1,8,8,"CASTILLO, RAMON S., PRES. AV. Y CALLE 12",AVENIDA,2,MOTO-CARGAS,MOTO,CARGAS
419,20190002,1,2019-01-09,2019,1,9,4,"CASTAÑARES AV. Y MORENO, PERITO AV.",AVENIDA,7,AUTO-CARGAS,AUTO,CARGAS
420,20190003,1,2019-01-12,2019,1,12,8,SAN MARTIN AV. Y TERRADA,AVENIDA,15,MOTO-AUTO,MOTO,AUTO
421,20190004,1,2019-01-14,2019,1,14,19,"PERON, EVA AV. Y MEDINA",AVENIDA,9,AUTO-PASAJEROS,AUTO,PASAJEROS
422,20190005,1,2019-01-19,2019,1,19,12,"JUSTO, JUAN B. AV. Y ALVAREZ JONTE AV.",AVENIDA,10,MOTO-CARGAS,MOTO,CARGAS
423,20190006,1,2019-01-23,2019,1,23,5,"OBLIGADO RAFAEL, AV. COSTANERA 4650",AVENIDA,14,PEATON-AUTO,PEATON,AUTO
424,20190007,1,2019-01-26,2019,1,26,19,"MITRE, BARTOLOME Y YATAY",CALLE,5,MOTO-AUTO,MOTO,AUTO
425,20190008,1,2019-01-30,2019,1,30,22,"PAZ, GRAL. AV. 16080",AVENIDA,8,MULTIPLE,MOTO,MULTIPLE
426,20190009,1,2019-01-31,2019,1,31,14,CHACABUCO Y SAN JUAN AV.,AVENIDA,1,MOTO-AUTO,MOTO,AUTO
427,20190010,2,2019-02-02,2019,2,2,7,DEL LIBERTADOR AV. 4100,AVENIDA,14,PEATON-AUTO,PEATON,AUTO
428,20190011,1,2019-02-10,2019,2,10,1,"PAZ, GRAL. AV. Y ALBERDI, JUAN BAUTISTA AV.",AVENIDA,9,PEATON-AUTO,PEATON,AUTO
429,20190012,1,2019-02-17,2019,2,17,3,"CASTAÑARES AV. Y GORDILLO, TIMOTEO",AVENIDA,8,MOTO-AUTO,MOTO,AUTO
430,20190013,1,2019-02-20,2019,2,20,7,SALVIGNY Y MOM,CALLE,7,PEATON-AUTO,PEATON,AUTO
431,20190014,1,2019-02-20,2019,2,20,17,"LAMARCA, EMILIO 5402",CALLE,11,MOTO-OBJETO FIJO,MOTO,OBJETO FIJO
432,20190015,1,2019-02-23,2019,2,23,6,SAN MARTIN AV. 5638,AVENIDA,11,AUTO-OBJETO FIJO,AUTO,OBJETO FIJO
433,20190016,1,2019-02-24,2019,2,24,2,"CARRILLO, RAMON, DR. Y FINOCHIETTO ENRIQUE DR.",CALLE,4,MOTO-PASAJEROS,MOTO,PASAJEROS
434,20190017,1,2019-03-03,2019,3,3,7,MEXICO Y PICHINCHA,CALLE,3,AUTO-PASAJEROS,AUTO,PASAJEROS
435,20190018,1,2019-03-03,2019,3,3,23,"CANTILO, INT. Y UDAONDO, GUILLERMO AV.",AUTOPISTA,13,PEATON-AUTO,PEATON,AUTO
436,20190019,1,2019-03-06,2019,3,6,12,DEL LIBERTADOR AV. 6326,AVENIDA,13,MOTO-AUTO,MOTO,AUTO
437,20190020,1,2019-03-07,2019,3,7,21,CHICLANA AV. 3444,AVENIDA,5,MOTO-AUTO,MOTO,AUTO
438,20190021,1,2019-03-15,2019,3,15,22,BOYACA AV. Y YERBAL,AVENIDA,7,MOTO-AUTO,MOTO,AUTO
439,20190022,1,2019-03-15,2019,3,15,0,ENTRE RIOS AV. BAJO PUENTE AUTOPISTA (1260 APROX),AVENIDA,1,AUTO-SD,AUTO,SD
440,20190023,1,2019-03-16,2019,3,16,8,"PAZ, GRAL. AV. Y JACQUES, AMADEO",AVENIDA,9,AUTO-OBJETO FIJO,AUTO,OBJETO FIJO
441,20190024,1,2019-03-19,2019,3,19,7,ANTARTIDA ARGENTINA AV. 1325,AVENIDA,1,MOTO-CARGAS,MOTO,CARGAS
442,20190025,1,2019-03-22,2019,3,22,13,"MITRE, BARTOLOME Y SANCHEZ DE BUSTAMANTE",CALLE,5,PEATON-AUTO,PEATON,AUTO
443,20190026,1,2019-03-28,2019,3,28,7,"FERNANDEZ DE LA CRUZ, F. , GRAL. AV. Y LARRAZABAL",AVENIDA,8,PEATON-PASAJEROS,PEATON,PASAJEROS
444,20190027,1,2019-03-28,2019,3,28,11,SANTA FE AV. Y AZCUENAGA,AVENIDA,2,MULTIPLE,BICICLETA,MULTIPLE
445,20190028,1,2019-04-06,2019,4,6,9,"JUSTO, JUAN B. AV. y OROÑO, NICASIO",AVENIDA,11,PEATON-PASAJEROS,PEATON,PASAJEROS
446,20190029,1,2019-04-07,2019,4,7,10,"FERNANDEZ DE LA CRUZ, F. , GRAL. AV. Y LACARRA AV.",AVENIDA,8,MOTO-OBJETO FIJO,MOTO,OBJETO FIJO
447,20190030,1,2019-04-09,2019,4,9,16,"ALVAREZ, DONATO, TTE. GRAL. Y YERBAL",CALLE,7,MOTO-CARGAS,MOTO,CARGAS
448,20190031,1,2019-04-12,2019,4,12,19,"CORDOBA AV. Y MADERO, EDUARDO AV.",AVENIDA,1,BICICLETA-CARGAS,BICICLETA,CARGAS
449,20190032,1,2019-04-16,2019,4,16,11,"CAMARONES Y ALVAREZ, DONATO, TTE. GRAL. AV.",AVENIDA,11,PEATON-AUTO,PEATON,AUTO
450,20190033,1,2019-04-18,2019,4,18,1,"AUTOPISTA 25 DE MAYO Y HUERGO, ING. AV.",AUTOPISTA,1,MOTO-SD,MOTO,SD
451,20190034,1,2019-04-21,2019,4,21,9,"MORENO, PERITO AV. 3050",AVENIDA,7,MOTO-OBJETO FIJO,MOTO,OBJETO FIJO
452,20190035,1,2019-04-23,2019,4,23,14,SUIPACHA 665,CALLE,1,PEATON-BICICLETA,PEATON,BICICLETA
453,20190036,1,2019-04-26,2019,4,26,22,RIGLOS Y FORMOSA,CALLE,6,MOTO-AUTO,MOTO,AUTO
454,20190037,1,2019-05-01,2019,5,1,23,LA RIOJA E INDEPENDENCIA AV.,AVENIDA,3,MOTO-AUTO,MOTO,AUTO
455,20190038,1,2019-05-04,2019,5,4,14,"UDAONDO, GUILLERMO AV. Y FIGUEROA ALCORTA, PRES. AV.",AVENIDA,13,PEATON-MOTO,PEATON,MOTO
456,20190039,1,2019-05-09,2019,5,9,3,SAN PEDRITO AV. Y DIRECTORIO AV.,AVENIDA,7,MOTO-AUTO,MOTO,AUTO
457,20190040,1,2019-05-09,2019,5,9,12,PUAN Y SANTANDER,CALLE,7,MOTO-SD,MOTO,SD
458,20190041,1,2019-05-11,2019,5,11,20,"ALBERDI, JUAN BAUTISTA AV. Y ANDALGALA",AVENIDA,9,MULTIPLE,AUTO,MULTIPLE
459,20190042,1,2019-05-14,2019,5,14,15,LIMA Y CONSTITUCION,CALLE,1,PEATON-PASAJEROS,PEATON,PASAJEROS
460,20190043,1,2019-05-21,2019,5,21,9,"CORDOBA AV. Y MADERO, EDUARDO AV.",AVENIDA,1,BICICLETA-CARGAS,BICICLETA,CARGAS
461,20190044,1,2019-05-27,2019,5,27,12,BOEDO AV. 650,AVENIDA,5,PEATON-MOTO,PEATON,MOTO
462,20190045,1,2019-06-03,2019,6,3,7,DEL LIBERTADOR AV. Y REPUBLICA DE LA INDIA,AVENIDA,14,MOTO-CARGAS,MOTO,CARGAS
463,20190046,1,2019-06-04,2019,6,4,9,GRAL PAZ Y CABILDO,AVENIDA,13,MOTO-AUTO,MOTO,AUTO
464,20190047,1,2019-06-06,2019,6,6,10,CASEROS AV. 1700,AVENIDA,4,PEATON-CARGAS,PEATON,CARGAS
465,20190048,1,2019-06-07,2019,6,7,7,AVELLANEDA AV. 1548,AVENIDA,6,MOTO-CARGAS,MOTO,CARGAS
466,20190049,1,2019-06-08,2019,6,8,9,CIUDAD DE LA PAZ Y MENDOZA,CALLE,13,PEATON-CARGAS,PEATON,CARGAS
467,20190050,1,2019-06-08,2019,6,8,23,"SALGUERO, JERONIMO Y HONDURAS AV.",AVENIDA,14,MOTO-CARGAS,MOTO,CARGAS
468,20190051,1,2019-06-11,2019,6,11,10,"FILIBERTO, JUAN DE DIOS Y OLAVARRIA",CALLE,4,MOTO-AUTO,MOTO,AUTO
469,20190053,1,2019-06-14,2019,6,14,17,ASTURIAS AV. Y CASTAÑARES AV.,AVENIDA,8,AUTO-AUTO,AUTO,AUTO
470,20190054,1,2019-06-20,2019,6,20,3,GANDARA 2976,CALLE,15,MOTO-OBJETO FIJO,MOTO,OBJETO FIJO
471,20190055,1,2019-06-20,2019,6,20,19,"GUEVARA, TRINIDAD Y MADERO, EDUARDO AV.",AVENIDA,1,MOTO-PASAJEROS,MOTO,PASAJEROS
472,20190056,1,2019-06-29,2019,6,29,17,BOYACA AV. 305,AVENIDA,7,PEATON-AUTO,PEATON,AUTO
473,20190057,1,2019-07-05,2019,7,5,19,ARTILLEROS Y LA PAMPA,CALLE,13,PEATON-AUTO,PEATON,AUTO
474,20190058,1,2019-07-10,2019,7,10,9,AUTOPISTA PERITO MORENO ALTURA PASO A NIVEL DE IRIGOYEN,AUTOPISTA,10,MOTO-PASAJEROS,MOTO,PASAJEROS
475,20190059,1,2019-07-13,2019,7,13,22,15 DE NOVIEMBRE DE 1889 Y SANTIAGO DEL ESTERO,CALLE,1,MOTO-PASAJEROS,MOTO,PASAJEROS
476,20190060,1,2019-07-17,2019,7,17,11,"ACOSTA, MARIANO AV. Y FALCON, RAMON L., CNEL.",AVENIDA,10,PEATON-AUTO,PEATON,AUTO
477,20190061,1,2019-07-17,2019,7,17,18,11 DE SEPTIEMBRE DE 1888 Y MENDOZA,CALLE,13,PEATON-PASAJEROS,PEATON,PASAJEROS
478,20190062,1,2019-08-01,2019,8,1,23,"PINO, VIRREY DEL Y CAMPOS, LUIS M. AV.",AVENIDA,13,PEATON-PASAJEROS,PEATON,PASAJEROS
479,20190063,1,2019-08-04,2019,8,4,1,FOREST AV. Y MAURE,AVENIDA,15,MOTO-PASAJEROS,MOTO,PASAJEROS
480,20190064,1,2019-08-06,2019,8,6,3,"BOYACA AV. Y AVELLANEDA AV,",AVENIDA,7,MOTO-AUTO,MOTO,AUTO
481,20190065,1,2019-08-08,2019,8,8,16,BARCO CENTENERA DEL Y TILCARA,CALLE,4,PEATON-PASAJEROS,PEATON,PASAJEROS
482,20190066,1,2019-08-11,2019,8,11,21,RIESTRA AV. Y BOLIVAR,AVENIDA,7,PEATON-AUTO,PEATON,AUTO
483,20190067,1,2019-08-14,2019,8,14,15,"CASTRO, EMILIO 4706",CALLE,10,MOTO-CARGAS,MOTO,CARGAS
484,20190068,1,2019-08-14,2019,8,14,17,27 DE FEBRERO AV. 5600,AVENIDA,8,MOTO-MOTO,MOTO,MOTO
485,20190069,1,2019-08-17,2019,8,17,5,"GARAY, JUAN DE AV. 2874",AVENIDA,4,MOTO-AUTO,MOTO,AUTO
486,20190070,1,2019-08-22,2019,8,22,12,"SCALABRINI ORTIZ, RAUL AV. y GORRITI",AVENIDA,14,MOTO-BICICLETA,MOTO,BICICLETA
487,20190071,1,2019-08-27,2019,8,27,11,PRIMERA JUNTA Y OLIVERA AV.,AVENIDA,9,PEATON-CARGAS,PEATON,CARGAS
488,20190072,1,2019-08-28,2019,8,28,6,"ALBERDI, JUAN BAUTISTA AV. Y AZUL",AVENIDA,10,AUTO-AUTO,AUTO,AUTO
489,20190073,1,2019-08-29,2019,8,29,1,ALVAREZ THOMAS AV. 1788,AVENIDA,15,AUTO-OBJETO FIJO,AUTO,OBJETO FIJO
490,20190074,1,2019-08-29,2019,8,29,9,"LUGONES, LEOPOLDO AV. Y PAZ, GRAL. AV.",AUTOPISTA,13,MOTO-CARGAS,MOTO,CARGAS
491,20190075,1,2019-08-30,2019,8,30,23,SAN ANTONIO Y LUJAN,CALLE,4,MOTO-PASAJEROS,MOTO,PASAJEROS
492,20190076,1,2019-09-05,2019,9,5,18,AUTOPISTA 1 SUR PRESIDENTE ARTURO FRONDIZI ALTURA DON PEDRO DE MENDOZA AV.,AUTOPISTA,4,MOTO-CARGAS,MOTO,CARGAS
493,20190077,1,2019-09-08,2019,9,8,3,"FIGUEROA ALCORTA, PRES. AV. Y TAGLE",AVENIDA,14,PEATON-AUTO,PEATON,AUTO
494,20190078,1,2019-09-12,2019,9,12,8,"EINSTEIN, ALBERTO Y ALCORTA, AMANCIO AV.",AVENIDA,4,PEATON-CARGAS,PEATON,CARGAS
495,20190079,1,2019-09-17,2019,9,17,5,AGRELO Y COLOMBRES,CALLE,5,MOTO-PASAJEROS,MOTO,PASAJEROS
496,20190080,1,2019-09-17,2019,9,17,18,"CABILDO AV. y PAZ, GRAL. AV.",AVENIDA,13,PEATON-MOTO,PEATON,MOTO
497,20190081,1,2019-09-23,2019,9,23,16,ELCANO AV. 4300,AVENIDA,15,PEATON-PASAJEROS,PEATON,PASAJEROS
498,20190082,1,2019-09-25,2019,9,25,7,"RABANAL, FRANCISCO, INTENDENTE AV. 2428",AVENIDA,8,BICICLETA-CARGAS,BICICLETA,CARGAS
499,20190083,1,2019-09-26,2019,9,26,8,MONTE Y CORVALAN,CALLE,9,AUTO-AUTO,AUTO,AUTO
500,20190084,1,2019-09-27,2019,9,27,11,TANDIL Y LA FUENTE,CALLE,7,BICICLETA-CARGAS,BICICLETA,CARGAS
501,20190085,1,2019-10-09,2019,10,9,22,CARDOSO Y BACACAY,CALLE,10,BICICLETA-TREN,BICICLETA,TREN
502,20190086,1,2019-10-15,2019,10,15,14,CORRIENTES AV. 6700,AVENIDA,15,MOTO-PASAJEROS,MOTO,PASAJEROS
503,20190087,1,2019-10-21,2019,10,21,21,ALVAREZ THOMAS AV. Y MENDOZA,AVENIDA,12,MOTO-MOTO,MOTO,MOTO
504,20190088,1,2019-10-22,2019,10,22,20,"ALCORTA, AMANCIO AV. Y BONAVENA, OSCAR NATALIO",AVENIDA,4,PEATON-PASAJEROS,PEATON,PASAJEROS
505,20190089,1,2019-10-23,2019,10,23,15,"BROWN, ALTE. AV. Y BLANES, JUAN MANUEL",AVENIDA,4,PEATON-CARGAS,PEATON,CARGAS
506,20190090,1,2019-10-24,2019,10,24,18,"ALBERDI, JUAN BAUTISTA AV. 5455",AVENIDA,9,PEATON-MOTO,PEATON,MOTO
507,20190091,1,2019-11-01,2019,11,1,20,"JUSTO, JUAN B. AV. Y CAMARGO",AVENIDA,15,PEATON-PASAJEROS,PEATON,PASAJEROS
508,20190092,1,2019-11-03,2019,11,3,10,"BRIN, MINISTRO Y SUAREZ",CALLE,4,PEATON-PASAJEROS,PEATON,PASAJEROS
509,20190093,1,2019-11-13,2019,11,13,11,"NIZA Y JUSTO, JUAN B. AV.",AVENIDA,11,BICICLETA-OTRO,BICICLETA,OTRO
510,20190094,1,2019-11-18,2019,11,18,14,CAMARGO Y SERRANO,CALLE,15,MOTO-OTRO,MOTO,OTRO
511,20190095,1,2019-11-20,2019,11,20,15,AUTOPISTA 1 SUR PRESIDENTE ARTURO FRONDIZI ALTURA CASEROS AV.,AUTOPISTA,1,MOTO-CARGAS,MOTO,CARGAS
512,20190096,1,2019-11-22,2019,11,22,19,CASEROS AV. Y PIEDRAS,AVENIDA,1,PEATON-PASAJEROS,PEATON,PASAJEROS
513,20190097,1,2019-11-25,2019,11,25,8,"AUTOPISTA PERITO MORENO KM 5,6",AUTOPISTA,9,MULTIPLE,MOTO,MULTIPLE
514,20190098,1,2019-11-25,2019,11,25,14,GUZMAN 365,AVENIDA,15,PASAJEROS-PASAJEROS,PASAJEROS,PASAJEROS
515,20190100,1,2019-12-05,2019,12,5,17,de los constituyentes av. 4300,AVENIDA,12,MOTO-AUTO,MOTO,AUTO
516,20190101,1,2019-12-17,2019,12,17,4,"MORENO, PERITO AV. Y TILCARA AV.",AVENIDA,4,MOTO-MOTO,MOTO,MOTO
517,20190102,1,2019-12-17,2019,12,17,14,"IBARROLA Y GORDILLO, TIMOTEO",CALLE,9,MOTO-AUTO,MOTO,AUTO
518,20190103,1,2019-12-18,2019,12,18,SD,"PAZ, GRAL. AV. Y GRIVEO",AVENIDA,11,MOTO-MOTO,MOTO,MOTO
519,20190104,1,2019-12-21,2019,12,21,4,RIVADAVIA AV. Y PERGAMINO,AVENIDA,10,MOTO-AUTO,MOTO,AUTO
520,20190105,1,2019-05-05,2019,5,5,11,SANTO TOME Y SEGUROLA AV.,AVENIDA,10,PEATON-AUTO,PEATON,AUTO
521,20200001,1,2020-01-04,2020,1,4,10,URIARTE Y LOYOLA,CALLE,15,PEATON-AUTO,PEATON,AUTO
522,20200002,1,2020-01-05,2020,1,5,20,SARAZA Y VARELA AV.,AVENIDA,7,MOTO-OBJETO FIJO,MOTO,OBJETO FIJO
523,20200003,1,2020-01-11,2020,1,11,6,RIVADAVIA AV. Y COMBATE DE LOS POZOS,AVENIDA,3,PEATON-AUTO,PEATON,AUTO
524,20200004,1,2020-01-14,2020,1,14,21,RODRIGUEZ PEÑA Y RIVADAVIA AV.,AVENIDA,1,PEATON-PASAJEROS,PEATON,PASAJEROS
525,20200005,1,2020-01-14,2020,1,14,6,24 DE NOVIEMBRE Y SAN JUAN AV.,AVENIDA,3,MOTO-PASAJEROS,MOTO,PASAJEROS
526,20200006,1,2020-01-20,2020,1,20,12,LAFUENTE AV. 2250,AVENIDA,8,MOTO-CARGAS,MOTO,CARGAS
527,20200007,1,2020-01-27,2020,1,27,0,CHILE Y LIMA ,CALLE,1,PEATON-MOTO,PEATON,MOTO
528,20200008,1,2020-01-30,2020,1,30,7,CORDOBA AV. Y JEAN JAURES,AVENIDA,2,MOTO-CARGAS,MOTO,CARGAS
529,20200009,1,2020-02-04,2020,2,4,14,"PERON, JUAN DOMINGO, TTE. GENERAL Y SALGUERO, JERONIMO",CALLE,5,PEATON-AUTO,PEATON,AUTO
530,20200010,1,2020-02-08,2020,2,8,5,9 DE JULIO AV. Y SAN JUAN AV.,AVENIDA,1,MOTO-OBJETO FIJO,MOTO,OBJETO FIJO
531,20200011,1,2020-02-12,2020,2,12,11,COLOMBRES 466,CALLE,5,MOTO-CARGAS,MOTO,CARGAS
532,20200012,1,2020-02-18,2020,2,18,21,MEXICO 2860,CALLE,3,PEATON-MOTO,PEATON,MOTO
533,20200013,1,2020-02-20,2020,2,20,12,COMBATIENTES DE MALVINAS AV. Y TRIUNVITARO AV.,AVENIDA,15,PEATON-MOTO,PEATON,MOTO
534,20200014,1,2020-02-27,2020,2,27,2,BERMUDEZ Y NOGOYA,CALLE,11,MOTO-PASAJEROS,MOTO,PASAJEROS
535,20200015,1,2020-02-28,2020,2,28,14,BRASIL AV. Y PASEO COLON AV.,AVENIDA,1,MOTO-PASAJEROS,MOTO,PASAJEROS
536,20200016,1,2020-02-29,2020,2,29,13,"ALEM,LEANDRO N. AV. 770",AVENIDA,1,PEATON-PASAJEROS,PEATON,PASAJEROS
537,20200017,1,2020-03-05,2020,3,5,23,BELGRANO AV. Y RINCON,AVENIDA,3,PEATON-AUTO,PEATON,AUTO
538,20200018,1,2020-03-09,2020,3,9,14,"UDAONDO, GUILLERMO AV. 901",AVENIDA,13,MOTO-OBJETO FIJO,MOTO,OBJETO FIJO
539,20200019,1,2020-03-10,2020,3,10,21,CONSTITUCION Y CASTRO,CALLE,5,PEATON-AUTO,PEATON,AUTO
540,20200020,1,2020-03-13,2020,3,13,17,"PUEYRREDON AV. Y GOMEZ, VALENTIN",AVENIDA,3,PEATON-MOTO,PEATON,MOTO
541,20200021,1,2020-03-14,2020,3,14,16,"BRAVO, MARIO 1279",CALLE,2,PEATON-AUTO,PEATON,AUTO
542,20200022,1,2020-04-07,2020,4,7,6,"DELLEPIANE, LUIS, TTE. GRAL. Y ESCALADA AV.",AUTOPISTA,9,AUTO-CARGAS,AUTO,CARGAS
543,20200023,1,2020-04-09,2020,4,9,18,"ARAOZ DE LAMADRID, GREGORIO, GRAL. Y BROWN, ALTE. AV.",AVENIDA,4,AUTO-CARGAS,AUTO,CARGAS
544,20200024,1,2020-04-24,2020,4,24,7,MURGUIONDO 1339,CALLE,9,AUTO-AUTO,AUTO,AUTO
545,20200025,1,2020-05-12,2020,5,12,5,RIVADAVIA AV. 2551,AVENIDA,3,PEATON-AUTO,PEATON,AUTO
546,20200026,1,2020-05-17,2020,5,17,6,"LUGONES, LEOPOLDO AV. KM 6,1",AUTOPISTA,14,MOTO-OBJETO FIJO,MOTO,OBJETO FIJO
547,20200027,1,2020-05-18,2020,5,18,8,"DELLEPIANE, LUIS, TTE. GRAL. Y MONTIEL",AVENIDA,8,PEATON-CARGAS,PEATON,CARGAS
548,20200028,1,2020-05-19,2020,5,19,10,"SCALABRINI ORTIZ, RAUL AV. Y WARNES AV.",AVENIDA,15,PEATON-PASAJEROS,PEATON,PASAJEROS
549,20200029,1,2020-06-10,2020,6,10,14,"PAZ, GRAL. AV. y ROFFO, ANGEL H., DR.",AVENIDA,9,PEATON-PASAJEROS,PEATON,PASAJEROS
550,20200030,1,2020-06-16,2020,6,16,15,SAN MARTIN AV. 1550,AVENIDA,6,MULTIPLE,MOTO,MULTIPLE
551,20200031,1,2020-06-30,2020,6,30,8,"GARZON, EUGENIO, GRAL. AV. y LARRAYA",AVENIDA,9,MOTO-CARGAS,MOTO,CARGAS
552,20200032,1,2020-07-10,2020,7,10,23,CORRIENTES AV. Y SERRANO,AVENIDA,15,MOTO-AUTO,MOTO,AUTO
553,20200033,1,2020-07-19,2020,7,19,6,"PAZ, GRAL. AV. Y DEL LIBERTADOR AV.",AVENIDA,13,AUTO-OBJETO FIJO,AUTO,OBJETO FIJO
554,20200034,1,2020-08-02,2020,8,2,3,"MITRE, BARTOLOME Y ANCHORENA, TOMAS MANUEL DE, DR.",CALLE,3,PEATON-AUTO,PEATON,AUTO
555,20200035,1,2020-08-04,2020,8,4,5,"AU 25 DE MAYO ALTURA PUMACAHUA Y RECUERO, CASIMIRO, TTE. CNEL.",AUTOPISTA,7,MOTO-PASAJEROS,MOTO,PASAJEROS
556,20200036,1,2020-08-07,2020,8,7,18,"SCALABRINI ORTIZ, RAUL AV. Y PARAGUAY",AVENIDA,14,PEATON-MOTO,PEATON,MOTO
557,20200037,1,2020-08-29,2020,8,29,4,"FERNANDEZ DE LA CRUZ, F., GRAL. AV. Y VARELA AV.",AVENIDA,8,PEATON-AUTO,PEATON,AUTO
558,20200038,2,2020-08-30,2020,8,30,4,"LAS HERAS GENERAL AV. Y DIAZ, CNEL. AV.",AVENIDA,14,AUTO-AUTO,AUTO,AUTO
559,20200039,1,2020-09-01,2020,9,1,19,MURGUIONDO 2700,CALLE,9,PEATON-CARGAS,PEATON,CARGAS
560,20200040,1,2020-09-12,2020,9,12,3,"CASTILLO, RAMON S., PRES. AV. Y CALLE 12",AVENIDA,2,AUTO-OBJETO FIJO,AUTO,OBJETO FIJO
561,20200041,1,2020-09-28,2020,9,28,1,"CURAPALIGUE Y PERON, EVA AV.",AVENIDA,7,MOTO-PASAJEROS,MOTO,PASAJEROS
562,20200042,1,2020-09-29,2020,9,29,17,"DIAZ, ANA Y SOLDADO DE LA FRONTERA AV.",AVENIDA,8,PEATON-PASAJEROS,PEATON,PASAJEROS
563,20200043,1,2020-09-30,2020,9,30,17,"ALEM, LEANDRO N. AV. Y PARAGUAY",AVENIDA,1,PEATON-PASAJEROS,PEATON,PASAJEROS
564,20200044,1,2020-10-05,2020,10,5,0,LA PLATA AV. E INDEPENDENCIA,AVENIDA,6,AUTO-AUTO,AUTO,AUTO
565,20200045,1,2020-10-19,2020,10,19,3,"PAZ, GRAL. AV. Y 27 DE FEBRERO AV.",AVENIDA,8,AUTO-CARGAS,AUTO,CARGAS
566,20200046,1,2020-10-27,2020,10,27,21,"NAZCA AV. Y CARRANZA, ADOLFO P.",AVENIDA,11,MOTO-MOTO,MOTO,MOTO
567,20200047,1,2020-10-27,2020,10,27,14,AUTOPISTA CAMPORA ALTURA LACARRA AV.,AUTOPISTA,9,PEATON-CARGAS,PEATON,CARGAS
568,20200048,1,2020-10-29,2020,10,29,20,DORREGO AV. 614,AVENIDA,15,MOTO-OBJETO FIJO,MOTO,OBJETO FIJO
569,20200049,1,2020-10-30,2020,10,30,20,"DEL LIBERTADOR AV. Y RAMOS MEJIA, JOSE MARIA, DR. AV.",AVENIDA,1,PEATON-AUTO,PEATON,AUTO
570,20200050,1,2020-11-01,2020,11,1,22,SANTA FE AV. Y GODOY CRUZ,AVENIDA,14,PEATON-MOTO,PEATON,MOTO
571,20200051,1,2020-11-05,2020,11,5,0,AVELLANEDA AV. Y MERCEDES,AVENIDA,10,MOTO-AUTO,MOTO,AUTO
572,20200052,1,2020-11-07,2020,11,7,6,TUCUMAN Y PUEYRREDON AV.,AVENIDA,3,BICICLETA-CARGAS,BICICLETA,CARGAS
573,20200053,1,2020-11-09,2020,11,9,3,"ALCORTA, AMANCIO AV. Y EINSTEIN, ALBERTO",AVENIDA,4,AUTO-AUTO,AUTO,AUTO
574,20200054,1,2020-11-19,2020,11,19,9,INCLAN Y ALBERTI,CALLE,4,BICICLETA-AUTO,BICICLETA,AUTO
575,20200055,1,2020-11-19,2020,11,19,12,OLAZABAL AV. 5437,AVENIDA,12,PEATON-CARGAS,PEATON,CARGAS
576,20200056,1,2020-11-21,2020,11,21,13,"PAZ, GRAL. AV. Y DOCTOR RAMON CARRILLO",AVENIDA,8,MOTO-CARGAS,MOTO,CARGAS
577,20200057,1,2020-11-23,2020,11,23,7,"NAZCA AV. Y VIALE, LUIS",AVENIDA,11,PEATON-AUTO,PEATON,AUTO
578,20200058,1,2020-11-24,2020,11,24,16,"OLIVERA AV. Y FALCON, RAMON L., CNEL.",AVENIDA,10,PEATON-AUTO,PEATON,AUTO
579,20200059,1,2020-12-01,2020,12,1,6,BRASIL 1100,CALLE,1,PEATON-PASAJEROS,PEATON,PASAJEROS
580,20200060,1,2020-12-03,2020,12,3,20,"HOMERO Y PERON, EVA AV.",AVENIDA,9,PEATON-MOTO,PEATON,MOTO
581,20200061,1,2020-12-03,2020,12,3,14,"CANTILO, INT. Y UDAONDO, GUILLERMO AV.",AUTOPISTA,13,MOTO-CARGAS,MOTO,CARGAS
582,20200062,1,2020-12-04,2020,12,4,17,MORENO 1845,CALLE,3,BICICLETA-PASAJEROS,BICICLETA,PASAJEROS
583,20200063,2,2020-12-05,2020,12,5,7,NUEVA YORK Y ALTA GRACIA,CALLE,11,PEATON_MOTO-MOTO,PEATON_MOTO,MOTO
584,20200065,1,2020-12-05,2020,12,5,16,"PAZ, GRAL. AV. Y GOYENECHE, ROBERTO PARQUE AV.",AVENIDA,12,MOTO-AUTO,MOTO,AUTO
585,20200066,1,2020-12-07,2020,12,7,4,AUTOPISTA PERITO MORENO ALTURA ESTACION DE TREN VILLA LURO,AUTOPISTA,10,MOTO-OBJETO FIJO,MOTO,OBJETO FIJO
586,20200067,1,2020-12-11,2020,12,11,22,SAENZ AV. Y BEAZLEY,AVENIDA,4,PEATON-PASAJEROS,PEATON,PASAJEROS
587,20200068,1,2020-12-12,2020,12,12,20,DEL LIBERTADOR AV. Y AUSTRIA,AVENIDA,2,MOTO-AUTO,MOTO,AUTO
588,20200069,1,2020-12-15,2020,12,15,5,"INDEPENDENCIA AV. Y SAENZ PEÑA, LUIS, PRES.",AVENIDA,1,MOTO-PASAJEROS,MOTO,PASAJEROS
589,20200070,1,2020-12-17,2020,12,17,15,"CALLAO AV. Y LAS HERAS, GENERAL",AVENIDA,2,PEATON-PASAJEROS,PEATON,PASAJEROS
590,20200071,1,2020-12-17,2020,12,17,23,SAN PEDRITO AV. Y DIRECTORIO AV.,AVENIDA,7,PEATON-AUTO,PEATON,AUTO
591,20200072,1,2020-12-19,2020,12,19,3,"JUJUY AV. Y CARLOS, CALVO",AVENIDA,3,BICICLETA-AUTO,BICICLETA,AUTO
592,20200073,1,2020-12-20,2020,12,20,7,27 DE FEBRERO AV. Y ESCALADA AV.,AVENIDA,8,MOTO-OBJETO FIJO,MOTO,OBJETO FIJO
593,20200074,1,2020-12-20,2020,12,20,21,BOGOTA Y NAZCA AV.,AVENIDA,7,AUTO-AUTO,AUTO,AUTO
594,20200075,1,2020-12-23,2020,12,23,14,CORRIENTES AV. Y 9 DE JULIO AV.,AVENIDA,1,PEATON-PASAJEROS,PEATON,PASAJEROS
595,20200076,1,2020-12-24,2020,12,24,12,ALVAREZ JONTE AV. Y CHIVILCOY,AVENIDA,10,AUTO-PASAJEROS,AUTO,PASAJEROS
596,20200077,2,2020-12-25,2020,12,25,6,SAN MARTIN AV. Y PUNTA ARENAS,AVENIDA,15,MOTO-AUTO,MOTO,AUTO
597,20200078,1,2020-12-25,2020,12,25,5,BARCO CENTENERA DEL 1118,CALLE,7,BICICLETA-PASAJEROS,BICICLETA,PASAJEROS
598,20200079,1,2020-12-27,2020,12,27,4,"PAZ, GRAL. AV. Y ACCESO NORTE - PANAMERICANA",AVENIDA,12,MOTO-OBJETO FIJO,MOTO,OBJETO FIJO
599,20210001,1,2021-01-06,2021,1,6,18,AU FRONDIZI KM. 3,AUTOPISTA,1,MOTO-AUTO,MOTO,AUTO
600,20210002,1,2021-01-07,2021,1,7,10,"CASTRO, EMILIO AV. Y MURGUIONDO",AVENIDA,9,MOTO-CARGAS,MOTO,CARGAS
601,20210003,1,2021-01-10,2021,1,10,7,"AU 25 DE MAYO KM. 3,7",AUTOPISTA,7,MOTO-OBJETO FIJO,MOTO,OBJETO FIJO
602,20210004,1,2021-01-11,2021,1,11,9,CASEROS AV. Y GUARANI,AVENIDA,5,PEATON-CARGAS,PEATON,CARGAS
603,20210005,1,2021-01-11,2021,1,11,21,"PERON, EVA AV. 3800",AVENIDA,9,PEATON-AUTO,PEATON,AUTO
604,20210006,1,2021-01-12,2021,1,12,21,AU ILLIA y SARMIENTO AV.,AUTOPISTA,14,MOTO-CARGAS,MOTO,CARGAS
605,20210007,1,2021-01-18,2021,1,18,10,DE LOS CONSTITUYENTES AV. Y GIRIBONE,AVENIDA,15,MOTO-MOTO,MOTO,MOTO
606,20210008,1,2021-01-22,2021,1,22,23,"SAENZ AV. Y RABANAL, FRANCISCO, INTENDENTE AV.",AVENIDA,4,PEATON-PASAJEROS,PEATON,PASAJEROS
607,20210009,1,2021-01-23,2021,1,23,5,PAYSANDU Y GAONA,AVENIDA,6,MOTO-OBJETO FIJO,MOTO,OBJETO FIJO
608,20210010,1,2021-01-23,2021,1,23,8,"PAZ, GRAL. AV. Y BALBIN, RICARDO, DR. AV. ",AVENIDA,12,MOTO-AUTO,MOTO,AUTO
609,20210011,1,2021-01-27,2021,1,27,1,SANTA FE AV. 1675,AVENIDA,2,PEATON-AUTO,PEATON,AUTO
610,20210012,1,2021-01-29,2021,1,29,20,AU DELLEPIANE Y GUAMINI,AUTOPISTA,8,PEATON-AUTO,PEATON,AUTO
611,20210013,1,2021-01-31,2021,1,31,6,"FALCON, RAMON L., CNEL. Y OLIVERA AV.",AVENIDA,10,MOTO-OBJETO FIJO,MOTO,OBJETO FIJO
612,20210014,1,2021-02-02,2021,2,2,0,SAN MARTIN AV. Y NOGOYA,AVENIDA,15,PEATON-AUTO,PEATON,AUTO
613,20210015,1,2021-02-06,2021,2,6,3,SAN MARTIN AV. Y TINOGASTA,AVENIDA,15,MOTO-OBJETO FIJO,MOTO,OBJETO FIJO
614,20210016,1,2021-02-14,2021,2,14,5,"FERNANDEZ DE LA CRUZ, F., GRAL. AV. Y DE LA TORRE, LISANDRO",AVENIDA,8,AUTO-OBJETO FIJO,AUTO,OBJETO FIJO
615,20210017,1,2021-02-17,2021,2,17,4,SALTA Y CASEROS AV.,AVENIDA,1,MOTO-PASAJEROS,MOTO,PASAJEROS
616,20210018,1,2021-02-20,2021,2,20,19,"JAURES, JEAN Y PERON, JUAN DOMINGO, TTE. GENERAL",CALLE,3,PEATON-AUTO,PEATON,AUTO
617,20210019,1,2021-02-21,2021,2,21,1,"TRIUNVIRATO AV. Y LARRALDE, CRISOLOGO AV.",AVENIDA,12,MOTO-OBJETO FIJO,MOTO,OBJETO FIJO
618,20210020,1,2021-02-21,2021,2,21,15,POTOSI Y GASCON,CALLE,5,PEATON-CARGAS,PEATON,CARGAS
619,20210021,1,2021-02-26,2021,2,26,5,"YRIGOYEN, HIPOLITO Y  24 DE NOVIEMBRE",CALLE,3,MOTO-OBJETO FIJO,MOTO,OBJETO FIJO
620,20210022,1,2021-02-28,2021,2,28,12,DEL LIBERTADOR AV. Y ROOSEVELT FRANKLIN D.,AVENIDA,13,PASAJEROS-SD,PASAJEROS,SD
621,20210023,1,2021-03-01,2021,3,1,9,"AU BUENOS AIRES LA PLATA  KM 4,5",AUTOPISTA,4,MOTO-CARGAS,MOTO,CARGAS
622,20210024,1,2021-03-03,2021,3,3,16,"PERON, EVA AV. y PIEDRA BUENA AV",AVENIDA,9,BICICLETA-CARGAS,BICICLETA,CARGAS
623,20210025,1,2021-03-11,2021,3,11,3,"PAZ, GRAL. AV. y DELLEPIANE, LUIS, TTE. GRAL",AVENIDA,8,MOTO-OTRO,MOTO,OTRO
624,20210026,1,2021-03-15,2021,3,15,2,"AU FRONDIZI ALTURA QUINQUELA MARTIN, BENITO",AUTOPISTA,4,MOTO-OBJETO FIJO,MOTO,OBJETO FIJO
625,20210027,1,2021-03-16,2021,3,16,15,"PAZ, GRAL. AV. y DONADO",AVENIDA,12,MOTO-CARGAS,MOTO,CARGAS
626,20210028,1,2021-03-29,2021,3,29,17,"COREA AV. y TORRES Y TENORIO, PRES",AVENIDA,7,PEATON-PASAJEROS,PEATON,PASAJEROS
627,20210029,1,2021-03-31,2021,3,31,18,"FALCON, RAMON L., CNEL. Y SAN PEDRITO AV.",AVENIDA,7,AUTO-AUTO,AUTO,AUTO
628,20210030,1,2021-04-03,2021,4,3,18,FINOCHIETTO ENRIQUE DR. 1623,CALLE,4,PEATON-PASAJEROS,PEATON,PASAJEROS
629,20210031,1,2021-04-07,2021,4,7,10,9 DE JULIO AV. E INDEPENDENCIA AV.,AVENIDA,1,PEATON-CARGAS,PEATON,CARGAS
630,20210032,1,2021-04-10,2021,4,10,19,"AU CANTILO Y GUIRALDES, INT.",AUTOPISTA,13,PEATON-MOTO,PEATON,MOTO
631,20210033,1,2021-04-14,2021,4,14,17,AU 25 DE MAYO ALTURA BAJADA BOEDO AV.,AUTOPISTA,5,AUTO-OBJETO FIJO,AUTO,OBJETO FIJO
632,20210034,1,2021-04-19,2021,4,19,14,"ALCORTA, AMANCIO AV. y ZAVALETA",AVENIDA,4,MOTO-CARGAS,MOTO,CARGAS
633,20210035,1,2021-05-03,2021,5,3,9,"JANER, ANA MARIA Y LAFUENTE AV.",AVENIDA,8,MOTO-CARGAS,MOTO,CARGAS
634,20210036,1,2021-05-09,2021,5,9,6,"PAZ, GRAL. AV. Y MOSCONI GENERAL AV.",AVENIDA,11,MOTO-OBJETO FIJO,MOTO,OBJETO FIJO
635,20210037,1,2021-05-11,2021,5,11,7,"MONROE Y BALBIN, RICARDO, DR. AV.",AVENIDA,13,PEATON-PASAJEROS,PEATON,PASAJEROS
636,20210038,1,2021-05-14,2021,5,14,11,"JUSTO, JUAN B. AV. Y SANTA FE AV.",AVENIDA,14,MOTO-CARGAS,MOTO,CARGAS
637,20210039,1,2021-05-15,2021,5,15,12,"OLIDEN Y ALBERDI, JUAN BAUTISTA AV.",AVENIDA,9,BICICLETA-AUTO,BICICLETA,AUTO
638,20210040,1,2021-05-20,2021,5,20,5,"PAZ, GRAL. AV. Y DEL LIBERTADOR AV.",AVENIDA,13,MOTO-AUTO,MOTO,AUTO
639,20210041,1,2021-05-20,2021,5,20,8,DEL LIBERTADOR AV. Y CASARES AV.,AVENIDA,14,PEATON-PASAJEROS,PEATON,PASAJEROS
640,20210042,1,2021-05-21,2021,5,21,5,RIVADAVIA AV. 10900,AVENIDA,9,PEATON-PASAJEROS,PEATON,PASAJEROS
641,20210043,1,2021-05-22,2021,5,22,18,"ALBERDI, JUAN BAUTISTA AV. Y PILAR",AVENIDA,9,PEATON-AUTO,PEATON,AUTO
642,20210044,1,2021-05-25,2021,5,25,2,"PERON, EVA AV. Y ACOSTA, MARIANO",AVENIDA,9,MOTO-OBJETO FIJO,MOTO,OBJETO FIJO
643,20210045,1,2021-05-26,2021,5,26,17,AU FRONDIZI Y SUAREZ AV.,AUTOPISTA,4,MULTIPLE,MOTO,MULTIPLE
644,20210046,1,2021-05-31,2021,5,31,2,EL CANO AV. Y GUZMAN AV.,AVENIDA,15,AUTO-OBJETO FIJO,AUTO,OBJETO FIJO
645,20210047,1,2021-06-02,2021,6,2,16,"VEDIA, AGUSTIN DE Y RABANAL, FRANCISCO, INTENDENTE AV.",AVENIDA,4,MOTO-AUTO,MOTO,AUTO
646,20210048,1,2021-06-03,2021,6,3,9,CAPDEVILLA Y CONGRESO AV.,AVENIDA,12,BICICLETA-AUTO,BICICLETA,AUTO
647,20210049,1,2021-06-03,2021,6,3,20,"FERNANDEZ DE LA CRUZ, F., GRAL. AV. 4000",AVENIDA,8,AUTO-AUTO,AUTO,AUTO
648,20210050,1,2021-06-10,2021,6,10,13,DEL LIBERTADOR AV. 5958,AVENIDA,13,MOTO-PASAJEROS,MOTO,PASAJEROS
649,20210051,1,2021-06-15,2021,6,15,19,27 DE FEBRERO AV. Y EREZCANO AV.,AVENIDA,4,PEATON-CARGAS,PEATON,CARGAS
650,20210052,1,2021-06-20,2021,6,20,5,"PAZ, GRAL. AV. 14723",AVENIDA,8,MOTO-OBJETO FIJO,MOTO,OBJETO FIJO
651,20210053,1,2021-06-20,2021,6,20,12,CORRIENTES AV. 5783,AVENIDA,15,PEATON-BICICLETA,PEATON,BICICLETA
652,20210054,1,2021-06-22,2021,6,22,14,TABARE Y EREZCANO,CALLE,4,MOTO-CARGAS,MOTO,CARGAS
653,20210055,1,2021-06-29,2021,6,29,12,CORRIENTES AV. Y PUEYRREDOR AV.,AVENIDA,3,MOTO-CARGAS,MOTO,CARGAS
654,20210056,1,2021-07-09,2021,7,9,23,"CORRALES Y MORENO, PERITO AV.",AVENIDA,4,BICICLETA-AUTO,BICICLETA,AUTO
655,20210057,1,2021-07-10,2021,7,10,23,"AU ILLIA KM 3.2, ALTURA CABINAS DE PEAJE",AUTOPISTA,2,AUTO-OBJETO FIJO,AUTO,OBJETO FIJO
656,20210058,1,2021-07-21,2021,7,21,0,AV. GRAL. PAZ Y VEDIA,AVENIDA,12,PEATON-AUTO,PEATON,AUTO
657,20210059,1,2021-07-22,2021,7,22,1,"GARAY, JUAN DE AV. 2269",AVENIDA,3,AUTO-OBJETO FIJO,AUTO,OBJETO FIJO
658,20210060,1,2021-07-22,2021,7,22,12,"SALGUERO, JERONIMO Y RIVADAVIA AV.",AVENIDA,5,PEATON-PASAJEROS,PEATON,PASAJEROS
659,20210061,1,2021-07-24,2021,7,24,9,"MORENO, PERITO AV. Y ALCORTA, AMANCIO AV.",AVENIDA,4,PEATON-CARGAS,PEATON,CARGAS
660,20210062,1,2021-07-27,2021,7,27,7,LA PLATA AV. 2723,AVENIDA,4,AUTO-CARGAS,AUTO,CARGAS
661,20210063,1,2021-08-02,2021,8,2,4,"ALBERDI, JUAN BAUTISTA AV. 2906",AVENIDA,7,AUTO-AUTO,AUTO,AUTO
662,20210064,1,2021-08-02,2021,8,2,20,"PAZ, GRAL. AV. Y TONELERO",AVENIDA,9,PEATON-CARGAS,PEATON,CARGAS
663,20210065,1,2021-08-06,2021,8,6,8,Av. SAN JUAN Y AV. LA PLATA,AVENIDA,6,PEATON-PASAJEROS,PEATON,PASAJEROS
664,20210066,1,2021-08-06,2021,8,6,20,Av. LOPE DE VEGA Y AV. GRAL. PAZ,AVENIDA,11,PEATON-PASAJEROS,PEATON,PASAJEROS
665,20210067,1,2021-08-08,2021,8,8,9,"AU FRONDIZI KM 2,9 (ALTURA BRASIL)",AUTOPISTA,1,MOTO-OBJETO FIJO,MOTO,OBJETO FIJO
666,20210068,1,2021-08-15,2021,8,15,6,"BEIRO, FRANCISCO AV. 5071",AVENIDA,11,MOTO-OBJETO FIJO,MOTO,OBJETO FIJO
667,20210069,1,2021-08-20,2021,8,20,17,AV. SANTA FE 3428,AVENIDA,14,PEATON-AUTO,PEATON,AUTO
668,20210070,1,2021-08-28,2021,8,28,8,"CHILAVERT, MARTINIANO, CORONEL Y VARELA AV.",AVENIDA,8,MOTO-CARGAS,MOTO,CARGAS
669,20210071,1,2021-08-31,2021,8,31,16,SAN LUIS 2730,CALLE,3,PEATON-MOTO,PEATON,MOTO
670,20210072,1,2021-09-01,2021,9,1,19,CALLAO AV. Y PARAGUAY,AVENIDA,2,PEATON-AUTO,PEATON,AUTO
671,20210073,1,2021-09-18,2021,9,18,12,"DEL LIBERTADOR AV. Y AGOTE, LUIS DR.",AVENIDA,2,BICICLETA-AUTO,BICICLETA,AUTO
672,20210074,1,2021-09-20,2021,9,20,15,"PAZ, GRAL. AV. Y BALBIN, RICARDO, DR. AV.",AVENIDA,12,MULTIPLE,MOTO,MULTIPLE
673,20210075,1,2021-09-21,2021,9,21,14,SALTA Y BRASIL,CALLE,1,PEATON-CARGAS,PEATON,CARGAS
674,20210076,1,2021-10-16,2021,10,16,6,"MORENO, PERITO AV. 2152",AVENIDA,7,MOTO-OBJETO FIJO,MOTO,OBJETO FIJO
675,20210077,1,2021-10-18,2021,10,18,7,DIRECTORIO AV. 1169,AVENIDA,6,MOTO-CARGAS,MOTO,CARGAS
676,20210078,1,2021-10-23,2021,10,23,6,INDEPENDENCIA AV. Y LA PLATA AV.,AVENIDA,6,MOTO-PASAJEROS,MOTO,PASAJEROS
677,20210079,1,2021-10-25,2021,10,25,3,TUCUMAN 3112,CALLE,3,PEATON-AUTO,PEATON,AUTO
678,20210080,1,2021-10-28,2021,10,28,16,ARENALES Y 9 DE JULIO AV.,AVENIDA,1,MOTO-AUTO,MOTO,AUTO
679,20210081,1,2021-11-02,2021,11,2,13,AU FRONDIZI SUBIDA BRANDSEN,AUTOPISTA,4,MOTO-CARGAS,MOTO,CARGAS
680,20210082,1,2021-11-06,2021,11,6,4,AU 25 DE MAYO KM7 (ALTURA PASCO),AUTOPISTA,3,MOTO-AUTO,MOTO,AUTO
681,20210083,1,2021-11-09,2021,11,9,0,CABILDO AV. Y OLAZABAL,AVENIDA,13,MOTO-AUTO,MOTO,AUTO
682,20210084,1,2021-11-11,2021,11,11,3,TAPALQUE Y BRUIX AV.,AVENIDA,9,AUTO-OBJETO FIJO,AUTO,OBJETO FIJO
683,20210085,1,2021-11-20,2021,11,20,18,"PAZ, GRAL. AV. Y EZEIZA",AVENIDA,12,MOTO-OBJETO FIJO,MOTO,OBJETO FIJO
684,20210086,1,2021-11-25,2021,11,25,10,RIVADAVIA AV. Y PUAN,AVENIDA,6,PEATON-PASAJEROS,PEATON,PASAJEROS
685,20210087,1,2021-11-27,2021,11,27,11,ESMERALDA 1359,CALLE,1,PEATON-BICICLETA,PEATON,BICICLETA
686,20210088,1,2021-12-01,2021,12,1,15,AV. MOROE Y 3 DE FEBRERO,CALLE,13,MOTO-AUTO,MOTO,AUTO
687,20210089,1,2021-12-02,2021,12,2,1,AV. GAONA 3655,AVENIDA,11,MOTO-AUTO,MOTO,AUTO
688,20210090,1,2021-12-10,2021,12,10,11,AV. 9 DE JULIO Y LAVALLE,AVENIDA,1,PEATON-PASAJEROS,PEATON,PASAJEROS
689,20210091,1,2021-12-11,2021,12,11,23,BAIGORRIA Y VICTOR HUGO,CALLE,10,MOTO-AUTO,MOTO,AUTO
690,20210092,1,2021-12-12,2021,12,12,6,AV. RIVADAVIA Y AV. PUEYRREDON,AVENIDA,3,PEATON-AUTO,PEATON,AUTO
691,20210093,1,2021-12-13,2021,12,13,17,AV. RIESTRA Y MOM,AVENIDA,7,MOTO-AUTO,MOTO,AUTO
692,20210094,1,2021-12-20,2021,12,20,1,AU DELLEPIANE Y LACARRA,AUTOPISTA,9,MOTO-AUTO,MOTO,AUTO
693,20210095,1,2021-12-30,2021,12,30,0,AV. GAONA Y TERRADA,AVENIDA,11,MOTO-CARGAS,MOTO,CARGAS
694,20210096,1,2021-12-15,2021,12,15,10,AV. EVA PERON 4071,AVENIDA,9,AUTO-CARGAS,AUTO,CARGAS
695,20210097,1,2021-11-18,2021,11,18,6,PADRE CARLOS MUJICA 709,CALLE,1,BICICLETA-AUTO,BICICLETA,AUTO
